timestamp,value
2014-02-14 14:30,6.456
2014-02-14 14:35,5.816
2014-02-14 14:40,6.268
2014-02-14 14:45,5.816
2014-02-14 14:50,5.862
2014-02-14 14:55,6.246
2014-02-14 15:00,6.648
2014-02-14 15:05,6.448
2014-02-14 15:10,6.46
2014-02-14 15:15,5.834
2014-02-14 15:20,6.232
2014-02-14 15:25,6.064
2014-02-14 15:30,6.052
2014-02-14 15:35,5.834
2014-02-14 15:40,6.464
2014-02-14 15:45,5.622
2014-02-14 15:50,6.238
2014-02-14 15:55,6.06
2014-02-14 16:00,6.04
2014-02-14 16:05,5.838
2014-02-14 16:10,6.024
2014-02-14 16:15,5.86
2014-02-14 16:20,6.432
2014-02-14 16:25,6.672
2014-02-14 16:30,6.052
2014-02-14 16:35,5.63
2014-02-14 16:40,6.226
2014-02-14 16:45,6.06
2014-02-14 16:50,5.85
2014-02-14 16:55,6.022
2014-02-14 17:00,6.058
2014-02-14 17:05,5.622
2014-02-14 17:10,6.268
2014-02-14 17:15,6.454
2014-02-14 17:20,7.066
2014-02-14 17:25,5.856
2014-02-14 17:30,6.254
2014-02-14 17:35,6.024
2014-02-14 17:40,6.278
2014-02-14 17:45,5.834
2014-02-14 17:50,5.844
2014-02-14 17:55,5.834
2014-02-14 18:00,6.054
2014-02-14 18:05,6.226
2014-02-14 18:10,5.616
2014-02-14 18:15,5.64
2014-02-14 18:20,6.03
2014-02-14 18:25,5.864
2014-02-14 18:30,7.27
2014-02-14 18:35,6.018
2014-02-14 18:40,6.262
2014-02-14 18:45,5.842
2014-02-14 18:50,5.85
2014-02-14 18:55,6.046
2014-02-14 19:00,6.044
2014-02-14 19:05,5.828
2014-02-14 19:10,6.476
2014-02-14 19:15,6.046
2014-02-14 19:20,6.04
2014-02-14 19:25,6.042
2014-02-14 19:30,7.104
2014-02-14 19:35,6.246
2014-02-14 19:40,6.238
2014-02-14 19:45,5.866
2014-02-14 19:50,6.044
2014-02-14 19:55,5.834
2014-02-14 20:00,6.25
2014-02-14 20:05,5.834
2014-02-14 20:10,6.214
2014-02-14 20:15,5.842
2014-02-14 20:20,6.474
2014-02-14 20:25,6.642
2014-02-14 20:30,6.058
2014-02-14 20:35,5.814
2014-02-14 20:40,6.058
2014-02-14 20:45,5.824
2014-02-14 20:50,6.04
2014-02-14 20:55,6.022
2014-02-14 21:00,5.85
2014-02-14 21:05,6.036
2014-02-14 21:10,6.056
2014-02-14 21:15,5.622
2014-02-14 21:20,7.266
2014-02-14 21:25,6.074
2014-02-14 21:30,6.024
2014-02-14 21:35,5.862
2014-02-14 21:40,6.44
2014-02-14 21:45,6.052
2014-02-14 21:50,6.246
2014-02-14 21:55,6.286
2014-02-14 22:00,6.052
2014-02-14 22:05,6.014
2014-02-14 22:10,6.258
2014-02-14 22:15,5.838
2014-02-14 22:20,6.238
2014-02-14 22:25,6.072
2014-02-14 22:30,6.85
2014-02-14 22:35,6.476
2014-02-14 22:40,6.258
2014-02-14 22:45,6.48
2014-02-14 22:50,5.398
2014-02-14 22:55,6.044
2014-02-14 23:00,6.082
2014-02-14 23:05,5.834
2014-02-14 23:10,6.63
2014-02-14 23:15,6.698
2014-02-14 23:20,6.004
2014-02-14 23:25,5.654
2014-02-14 23:30,6.266
2014-02-14 23:35,5.62
2014-02-14 23:40,6.248
2014-02-14 23:45,5.62
2014-02-14 23:50,6.028
2014-02-14 23:55,5.946
2014-02-15 0:00,6.232
2014-02-15 0:05,5.81
2014-02-15 0:10,6.298
2014-02-15 0:15,7.09
2014-02-15 0:20,6.666
2014-02-15 0:25,6.046
2014-02-15 0:30,6.226
2014-02-15 0:35,5.862
2014-02-15 0:40,6.264
2014-02-15 0:45,5.816
2014-02-15 0:50,6.062
2014-02-15 0:55,6.068
2014-02-15 1:00,6.044
2014-02-15 1:05,5.828
2014-02-15 1:10,7.884
2014-02-15 1:15,6.078
2014-02-15 1:20,6.252
2014-02-15 1:25,5.834
2014-02-15 1:30,5.832
2014-02-15 1:35,6.03
2014-02-15 1:40,6.224
2014-02-15 1:45,5.862
2014-02-15 1:50,6.232
2014-02-15 1:55,6.248
2014-02-15 2:00,6.266
2014-02-15 2:05,7.334
2014-02-15 2:10,6.674
2014-02-15 2:15,6.036
2014-02-15 2:20,6.238
2014-02-15 2:25,6.048
2014-02-15 2:30,6.09
2014-02-15 2:35,5.816
2014-02-15 2:40,6.286
2014-02-15 2:45,5.834
2014-02-15 2:50,6.04
2014-02-15 2:55,6.036
2014-02-15 3:00,6.236
2014-02-15 3:05,5.834
2014-02-15 3:10,6.03
2014-02-15 3:15,5.848
2014-02-15 3:20,6.038
2014-02-15 3:25,7.114
2014-02-15 3:30,6.86
2014-02-15 3:35,5.842
2014-02-15 3:40,6.262
2014-02-15 3:45,6.06
2014-02-15 3:50,6.236
2014-02-15 3:55,6.282
2014-02-15 4:00,6.438
2014-02-15 4:05,6.04
2014-02-15 4:10,6.2
2014-02-15 4:15,6.07
2014-02-15 4:20,6.044
2014-02-15 4:25,6.046
2014-02-15 4:30,6.024
2014-02-15 4:35,5.862
2014-02-15 4:40,6.044
2014-02-15 4:45,6.05
2014-02-15 4:50,6.044
2014-02-15 4:55,6.018
2014-02-15 5:00,5.868
2014-02-15 5:05,6.04
2014-02-15 5:10,6.258
2014-02-15 5:15,5.838
2014-02-15 5:20,5.828
2014-02-15 5:25,6.022
2014-02-15 5:30,6.088
2014-02-15 5:35,5.834
2014-02-15 5:40,5.838
2014-02-15 5:45,6.046
2014-02-15 5:50,6.668
2014-02-15 5:55,6.234
2014-02-15 6:00,5.87
2014-02-15 6:05,6.028
2014-02-15 6:10,6.058
2014-02-15 6:15,6.042
2014-02-15 6:20,6.26
2014-02-15 6:25,6.024
2014-02-15 6:30,6.266
2014-02-15 6:35,6.224
2014-02-15 6:40,6.074
2014-02-15 6:45,6.04
2014-02-15 6:50,6.252
2014-02-15 6:55,6.25
2014-02-15 7:00,6.04
2014-02-15 7:05,6.04
2014-02-15 7:10,6.25
2014-02-15 7:15,6.04
2014-02-15 7:20,6.258
2014-02-15 7:25,6.042
2014-02-15 7:30,6.044
2014-02-15 7:35,5.816
2014-02-15 7:40,6.284
2014-02-15 7:45,5.602
2014-02-15 7:50,6.266
2014-02-15 7:55,6.86
2014-02-15 8:00,5.804
2014-02-15 8:05,6.436
2014-02-15 8:10,6.65
2014-02-15 8:15,5.228
2014-02-15 8:20,5.846
2014-02-15 8:25,6.042
2014-02-15 8:30,6.048
2014-02-15 8:35,5.63
2014-02-15 8:40,6.446
2014-02-15 8:45,5.86
2014-02-15 8:50,6.252
2014-02-15 8:55,6.23
2014-02-15 9:00,6.078
2014-02-15 9:05,6.252
2014-02-15 9:10,6.232
2014-02-15 9:15,6.44
2014-02-15 9:20,6.058
2014-02-15 9:25,6.248
2014-02-15 9:30,6.048
2014-02-15 9:35,6.046
2014-02-15 9:40,6.228
2014-02-15 9:45,6.068
2014-02-15 9:50,6.058
2014-02-15 9:55,6.042
2014-02-15 10:00,6.238
2014-02-15 10:05,5.648
2014-02-15 10:10,6.85
2014-02-15 10:15,5.81
2014-02-15 10:20,6.058
2014-02-15 10:25,6.06
2014-02-15 10:30,6.048
2014-02-15 10:35,5.828
2014-02-15 10:40,5.842
2014-02-15 10:45,6.222
2014-02-15 10:50,6.054
2014-02-15 10:55,6.46
2014-02-15 11:00,6.228
2014-02-15 11:05,6.046
2014-02-15 11:10,7.106
2014-02-15 11:15,6.068
2014-02-15 11:20,6.644
2014-02-15 11:25,6.454
2014-02-15 11:30,6.478
2014-02-15 11:35,6.25
2014-02-15 11:40,6.644
2014-02-15 11:45,6.252
2014-02-15 11:50,6.482
2014-02-15 11:55,6.262
2014-02-15 12:00,6.416
2014-02-15 12:05,6.064
2014-02-15 12:10,6.44
2014-02-15 12:15,6.252
2014-02-15 12:20,6.444
2014-02-15 12:25,6.458
2014-02-15 12:30,7.062
2014-02-15 12:35,6.224
2014-02-15 12:40,6.666
2014-02-15 12:45,6.282
2014-02-15 12:50,6.416
2014-02-15 12:55,6.478
2014-02-15 13:00,6.644
2014-02-15 13:05,6.25
2014-02-15 13:10,6.45
2014-02-15 13:15,6.264
2014-02-15 13:20,7.27
2014-02-15 13:25,6.04
2014-02-15 13:30,6.46
2014-02-15 13:35,6.454
2014-02-15 13:40,6.452
2014-02-15 13:45,6.222
2014-02-15 13:50,6.26
2014-02-15 13:55,6.49
2014-02-15 14:00,6.472
2014-02-15 14:05,6.462
2014-02-15 14:10,6.888
2014-02-15 14:15,6.23
2014-02-15 14:20,6.912
2014-02-15 14:25,5.832
2014-02-15 14:30,6.042
2014-02-15 14:35,6.432
2014-02-15 14:40,6.478
2014-02-15 14:45,6.272
2014-02-15 14:50,6.232
2014-02-15 14:55,6.688
2014-02-15 15:00,6.446
2014-02-15 15:05,6.468
2014-02-15 15:10,6.48
2014-02-15 15:15,6.042
2014-02-15 15:20,7.056
2014-02-15 15:25,6.47
2014-02-15 15:30,6.286
2014-02-15 15:35,6.034
2014-02-15 15:40,6.472
2014-02-15 15:45,6.042
2014-02-15 15:50,6.248
2014-02-15 15:55,6.254
2014-02-15 16:00,6.426
2014-02-15 16:05,5.834
2014-02-15 16:10,6.472
2014-02-15 16:15,5.816
2014-02-15 16:20,6.27
2014-02-15 16:25,6.256
2014-02-15 16:30,6.85
2014-02-15 16:35,6.282
2014-02-15 16:40,6.248
2014-02-15 16:45,6.036
2014-02-15 16:50,6.016
2014-02-15 16:55,6.07
2014-02-15 17:00,6.25
2014-02-15 17:05,6.042
2014-02-15 17:10,6.442
2014-02-15 17:15,6.706
2014-02-15 17:20,6.01
2014-02-15 17:25,6.074
2014-02-15 17:30,6.252
2014-02-15 17:35,5.834
2014-02-15 17:40,6.228
2014-02-15 17:45,5.648
2014-02-15 17:50,6.252
2014-02-15 17:55,6.042
2014-02-15 18:00,7.5
2014-02-15 18:05,5.822
2014-02-15 18:10,6.44
2014-02-15 18:15,6.042
2014-02-15 18:20,6.218
2014-02-15 18:25,6.244
2014-02-15 18:30,6.248
2014-02-15 18:35,6.042
2014-02-15 18:40,6.256
2014-02-15 18:45,6.86
2014-02-15 18:50,6.422
2014-02-15 18:55,6.052
2014-02-15 19:00,6.274
2014-02-15 19:05,5.83
2014-02-15 19:10,6.46
2014-02-15 19:15,6.226
2014-02-15 19:20,6.926
2014-02-15 19:25,5.618
2014-02-15 19:30,6.266
2014-02-15 19:35,5.81
2014-02-15 19:40,6.078
2014-02-15 19:45,5.834
2014-02-15 19:50,5.814
2014-02-15 19:55,6.044
2014-02-15 20:00,5.844
2014-02-15 20:05,5.832
2014-02-15 20:10,6.252
2014-02-15 20:15,7.08
2014-02-15 20:20,5.832
2014-02-15 20:25,5.814
2014-02-15 20:30,5.846
2014-02-15 20:35,5.834
2014-02-15 20:40,6.642
2014-02-15 20:45,5.86
2014-02-15 20:50,6.03
2014-02-15 20:55,6.276
2014-02-15 21:00,6.028
2014-02-15 21:05,6.046
2014-02-15 21:10,6.276
2014-02-15 21:15,6.904
2014-02-15 21:20,6.648
2014-02-15 21:25,5.654
2014-02-15 21:30,6.44
2014-02-15 21:35,5.866
2014-02-15 21:40,6.246
2014-02-15 21:45,5.838
2014-02-15 21:50,5.998
2014-02-15 21:55,5.862
2014-02-15 22:00,6.672
2014-02-15 22:05,7.63667
2014-02-15 22:10,6.034
2014-02-15 22:15,5.648
2014-02-15 22:20,6.012
2014-02-15 22:25,5.832
2014-02-15 22:30,6.024
2014-02-15 22:35,5.862
2014-02-15 22:40,6.044
2014-02-15 22:45,6.042
2014-02-15 22:50,6.266
2014-02-15 22:55,6.022
2014-02-15 23:00,6.086
2014-02-15 23:05,6.034
2014-02-15 23:10,6.248
2014-02-15 23:15,7.502
2014-02-15 23:20,6.252
2014-02-15 23:25,6.026
2014-02-15 23:30,6.07
2014-02-15 23:35,5.834
2014-02-15 23:40,6.05
2014-02-15 23:45,6.042
2014-02-15 23:50,6.024
2014-02-15 23:55,5.756
2014-02-16 0:00,7.43
2014-02-16 0:05,6.686
2014-02-16 0:10,6.228
2014-02-16 0:15,6.28
2014-02-16 0:20,6.044
2014-02-16 0:25,6.246
2014-02-16 0:30,6.248
2014-02-16 0:35,6.042
2014-02-16 0:40,6.472
2014-02-16 0:45,6.04
2014-02-16 0:50,6.028
2014-02-16 0:55,6.252
2014-02-16 1:00,6.224
2014-02-16 1:05,5.838
2014-02-16 1:10,6.63
2014-02-16 1:15,6.042
2014-02-16 1:20,6.228
2014-02-16 1:25,6.05
2014-02-16 1:30,6.506
2014-02-16 1:35,7.268
2014-02-16 1:40,6.072
2014-02-16 1:45,5.834
2014-02-16 1:50,6.052
2014-02-16 1:55,6.046
2014-02-16 2:00,6.028
2014-02-16 2:05,5.852
2014-02-16 2:10,6.016
2014-02-16 2:15,6.874
2014-02-16 2:20,6.864
2014-02-16 2:25,6.048
2014-02-16 2:30,5.838
2014-02-16 2:35,5.866
2014-02-16 2:40,6.044
2014-02-16 2:45,5.624
2014-02-16 2:50,6.044
2014-02-16 2:55,6.042
2014-02-16 3:00,6.252
2014-02-16 3:05,7.058
2014-02-16 3:10,6.918
2014-02-16 3:15,6.032
2014-02-16 3:20,5.816
2014-02-16 3:25,6.066
2014-02-16 3:30,5.844
2014-02-16 3:35,5.816
2014-02-16 3:40,6.682
2014-02-16 3:45,5.19
2014-02-16 3:50,5.86
2014-02-16 3:55,6.046
2014-02-16 4:00,6.052
2014-02-16 4:05,5.632
2014-02-16 4:10,6.018
2014-02-16 4:15,5.63
2014-02-16 4:20,6.066
2014-02-16 4:25,6.25
2014-02-16 4:30,6.024
2014-02-16 4:35,6.042
2014-02-16 4:40,6.228
2014-02-16 4:45,5.658
2014-02-16 4:50,6.24
2014-02-16 4:55,5.856
2014-02-16 5:00,6.228
2014-02-16 5:05,5.626
2014-02-16 5:10,6.016
2014-02-16 5:15,5.834
2014-02-16 5:20,6.252
2014-02-16 5:25,5.612
2014-02-16 5:30,5.878
2014-02-16 5:35,5.834
2014-02-16 5:40,6.052
2014-02-16 5:45,5.83
2014-02-16 5:50,5.844
2014-02-16 5:55,6.042
2014-02-16 6:00,6.044
2014-02-16 6:05,5.828
2014-02-16 6:10,6.044
2014-02-16 6:15,5.626
2014-02-16 6:20,6.046
2014-02-16 6:25,5.832
2014-02-16 6:30,6.04
2014-02-16 6:35,5.816
2014-02-16 6:40,6.058
2014-02-16 6:45,5.834
2014-02-16 6:50,6.024
2014-02-16 6:55,6.042
2014-02-16 7:00,6.256
2014-02-16 7:05,5.626
2014-02-16 7:10,6.252
2014-02-16 7:15,6.232
2014-02-16 7:20,7.09
2014-02-16 7:25,5.398
2014-02-16 7:30,5.864
2014-02-16 7:35,5.804
2014-02-16 7:40,6.286
2014-02-16 7:45,5.834
2014-02-16 7:50,6.03
2014-02-16 7:55,7.122
2014-02-16 8:00,6.436
2014-02-16 8:05,6.046
2014-02-16 8:10,6.004
2014-02-16 8:15,5.838
2014-02-16 8:20,6.278
2014-02-16 8:25,5.834
2014-02-16 8:30,6.876
2014-02-16 8:35,5.196
2014-02-16 8:40,6.268
2014-02-16 8:45,5.81
2014-02-16 8:50,6.268
2014-02-16 8:55,6.036
2014-02-16 9:00,6.286
2014-02-16 9:05,5.834
2014-02-16 9:10,6.82
2014-02-16 9:15,6.052
2014-02-16 9:20,6.266
2014-02-16 9:25,6.042
2014-02-16 9:30,6.248
2014-02-16 9:35,6.23
2014-02-16 9:40,6.488
2014-02-16 9:45,5.608
2014-02-16 9:50,6.266
2014-02-16 9:55,6.456
2014-02-16 10:00,6.05
2014-02-16 10:05,5.862
2014-02-16 10:10,6.264
2014-02-16 10:15,5.816
2014-02-16 10:20,7.104
2014-02-16 10:25,5.44
2014-02-16 10:30,5.808
2014-02-16 10:35,6.034
2014-02-16 10:40,6.672
2014-02-16 10:45,5.822
2014-02-16 10:50,6.412
2014-02-16 10:55,6.486
2014-02-16 11:00,6.436
2014-02-16 11:05,6.878
2014-02-16 11:10,6.256
2014-02-16 11:15,6.438
2014-02-16 11:20,6.078
2014-02-16 11:25,6.256
2014-02-16 11:30,6.662
2014-02-16 11:35,6.042
2014-02-16 11:40,6.668
2014-02-16 11:45,6.23
2014-02-16 11:50,6.248
2014-02-16 11:55,6.278
2014-02-16 12:00,6.446
2014-02-16 12:05,6.262
2014-02-16 12:10,6.722
2014-02-16 12:15,6.858
2014-02-16 12:20,6.294
2014-02-16 12:25,6.23
2014-02-16 12:30,6.274
2014-02-16 12:35,6.258
2014-02-16 12:40,6.688
2014-02-16 12:45,6.258
2014-02-16 12:50,6.706
2014-02-16 12:55,6.458
2014-02-16 13:00,6.464
2014-02-16 13:05,6.874
2014-02-16 13:10,6.872
2014-02-16 13:15,6.042
2014-02-16 13:20,6.668
2014-02-16 13:25,6.25
2014-02-16 13:30,6.252
2014-02-16 13:35,6.042
2014-02-16 13:40,6.228
2014-02-16 13:45,6.064
2014-02-16 13:50,6.236
2014-02-16 13:55,6.47
2014-02-16 14:00,6.436
2014-02-16 14:05,6.064
2014-02-16 14:10,6.436
2014-02-16 14:15,6.072
2014-02-16 14:20,7.29
2014-02-16 14:25,6.042
2014-02-16 14:30,6.672
2014-02-16 14:35,6.024
2014-02-16 14:40,6.502
2014-02-16 14:45,6.46
2014-02-16 14:50,6.248
2014-02-16 14:55,6.436
2014-02-16 15:00,6.498
2014-02-16 15:05,6.232
2014-02-16 15:10,7.512
2014-02-16 15:15,6.262
2014-02-16 15:20,6.286
2014-02-16 15:25,6.23
2014-02-16 15:30,6.266
2014-02-16 15:35,6.06
2014-02-16 15:40,6.476
2014-02-16 15:45,6.25
2014-02-16 15:50,6.644
2014-02-16 15:55,6.464
2014-02-16 16:00,6.706
2014-02-16 16:05,6.874
2014-02-16 16:10,6.03
2014-02-16 16:15,6.234
2014-02-16 16:20,6.672
2014-02-16 16:25,7.078
2014-02-16 16:30,6.468
2014-02-16 16:35,6.25
2014-02-16 16:40,6.444
2014-02-16 16:45,6.25
2014-02-16 16:50,6.46
2014-02-16 16:55,6.666
2014-02-16 17:00,6.212
2014-02-16 17:05,6.278
2014-02-16 17:10,6.422
2014-02-16 17:15,5.862
2014-02-16 17:20,6.04
2014-02-16 17:25,6.222
2014-02-16 17:30,7.134
2014-02-16 17:35,5.828
2014-02-16 17:40,6.044
2014-02-16 17:45,6.022
2014-02-16 17:50,5.868
2014-02-16 17:55,6.038
2014-02-16 18:00,6.252
2014-02-16 18:05,5.834
2014-02-16 18:10,7.656
2014-02-16 18:15,5.228
2014-02-16 18:20,6.232
2014-02-16 18:25,6.074
2014-02-16 18:30,6.436
2014-02-16 18:35,6.036
2014-02-16 18:40,6.228
2014-02-16 18:45,6.068
2014-02-16 18:50,6.04
2014-02-16 18:55,6.224
2014-02-16 19:00,6.254
2014-02-16 19:05,6.482
2014-02-16 19:10,5.602
2014-02-16 19:15,7.114
2014-02-16 19:20,6.244
2014-02-16 19:25,6.022
2014-02-16 19:30,6.086
2014-02-16 19:35,5.81
2014-02-16 19:40,6.258
2014-02-16 19:45,5.834
2014-02-16 19:50,6.044
2014-02-16 19:55,6.042
2014-02-16 20:00,6.048
2014-02-16 20:05,5.834
2014-02-16 20:10,6.228
2014-02-16 20:15,6.86
2014-02-16 20:20,5.816
2014-02-16 20:25,6.458
2014-02-16 20:30,7.126
2014-02-16 20:35,5.626
2014-02-16 20:40,6.006
2014-02-16 20:45,5.862
2014-02-16 20:50,6.05
2014-02-16 20:55,5.834
2014-02-16 21:00,6.056
2014-02-16 21:05,6.02
2014-02-16 21:10,6.062
2014-02-16 21:15,6.064
2014-02-16 21:20,6.042
2014-02-16 21:25,6.68
2014-02-16 21:30,7.08
2014-02-16 21:35,5.814
2014-02-16 21:40,6.078
2014-02-16 21:45,6.006
2014-02-16 21:50,5.864
2014-02-16 21:55,5.834
2014-02-16 22:00,6.458
2014-02-16 22:05,5.82
2014-02-16 22:10,6.91
2014-02-16 22:15,6.44
2014-02-16 22:20,6.086
2014-02-16 22:25,6.038
2014-02-16 22:30,6.054
2014-02-16 22:35,6.042
2014-02-16 22:40,6.03
2014-02-16 22:45,6.064
2014-02-16 22:50,6.044
2014-02-16 22:55,6.042
2014-02-16 23:00,6.252
2014-02-16 23:05,6.042
2014-02-16 23:10,6.248
2014-02-16 23:15,6.024
2014-02-16 23:20,6.272
2014-02-16 23:25,7.51
2014-02-16 23:30,6.278
2014-02-16 23:35,6.064
2014-02-16 23:40,6.252
2014-02-16 23:45,5.816
2014-02-16 23:50,6.256
2014-02-16 23:55,6.166
2014-02-17 0:00,6.354
2014-02-17 0:05,7.318
2014-02-17 0:10,6.43
2014-02-17 0:15,6.042
2014-02-17 0:20,6.256
2014-02-17 0:25,6.042
2014-02-17 0:30,6.252
2014-02-17 0:35,5.838
2014-02-17 0:40,6.238
2014-02-17 0:45,5.862
2014-02-17 0:50,6.044
2014-02-17 0:55,6.25
2014-02-17 1:00,6.048
2014-02-17 1:05,5.838
2014-02-17 1:10,6.438
2014-02-17 1:15,5.832
2014-02-17 1:20,6.03
2014-02-17 1:25,6.054
2014-02-17 1:30,7.528
2014-02-17 1:35,5.842
2014-02-17 1:40,6.056
2014-02-17 1:45,5.842
2014-02-17 1:50,6.016
2014-02-17 1:55,5.866
2014-02-17 2:00,6.052
2014-02-17 2:05,6.01
2014-02-17 2:10,6.052
2014-02-17 2:15,5.63
2014-02-17 2:20,7.7
2014-02-17 2:25,6.244
2014-02-17 2:30,6.246
2014-02-17 2:35,5.638
2014-02-17 2:40,6.298
2014-02-17 2:45,6.032
2014-02-17 2:50,6.252
2014-02-17 2:55,6.022
2014-02-17 3:00,6.482
2014-02-17 3:05,6.06
2014-02-17 3:10,6.252
2014-02-17 3:15,7.078
2014-02-17 3:20,6.654
2014-02-17 3:25,6.068
2014-02-17 3:30,6.044
2014-02-17 3:35,5.834
2014-02-17 3:40,6.25
2014-02-17 3:45,6.452
2014-02-17 3:50,5.626
2014-02-17 3:55,6.018
2014-02-17 4:00,6.082
2014-02-17 4:05,6.024
2014-02-17 4:10,6.096
2014-02-17 4:15,5.838
2014-02-17 4:20,6.264
2014-02-17 4:25,5.814
2014-02-17 4:30,6.086
2014-02-17 4:35,5.842
2014-02-17 4:40,6.028
2014-02-17 4:45,5.816
2014-02-17 4:50,5.884
2014-02-17 4:55,6.246
2014-02-17 5:00,6.204
2014-02-17 5:05,5.86
2014-02-17 5:10,6.016
2014-02-17 5:15,6.028
2014-02-17 5:20,6.712
2014-02-17 5:25,5.838
2014-02-17 5:30,6.478
2014-02-17 5:35,5.814
2014-02-17 5:40,6.298
2014-02-17 5:45,6.042
2014-02-17 5:50,6.248
2014-02-17 5:55,6.034
2014-02-17 6:00,6.228
2014-02-17 6:05,6.05
2014-02-17 6:10,6.494
2014-02-17 6:15,5.816
2014-02-17 6:20,6.078
2014-02-17 6:25,6.04
2014-02-17 6:30,6.228
2014-02-17 6:35,5.856
2014-02-17 6:40,6.04
2014-02-17 6:45,6.034
2014-02-17 6:50,6.046
2014-02-17 6:55,5.834
2014-02-17 7:00,6.248
2014-02-17 7:05,6.046
2014-02-17 7:10,6.036
2014-02-17 7:15,6.05
2014-02-17 7:20,5.85
2014-02-17 7:25,6.044
2014-02-17 7:30,6.016
2014-02-17 7:35,5.834
2014-02-17 7:40,6.044
2014-02-17 7:45,6.04
2014-02-17 7:50,6.228
2014-02-17 7:55,7.29
2014-02-17 8:00,6.412
2014-02-17 8:05,6.064
2014-02-17 8:10,6.23
2014-02-17 8:15,6.234
2014-02-17 8:20,6.088
2014-02-17 8:25,6.048
2014-02-17 8:30,6.228
2014-02-17 8:35,6.022
2014-02-17 8:40,6.282
2014-02-17 8:45,6.228
2014-02-17 8:50,6.262
2014-02-17 8:55,6.042
2014-02-17 9:00,6.022
2014-02-17 9:05,6.064
2014-02-17 9:10,6.452
2014-02-17 9:15,5.814
2014-02-17 9:20,5.868
2014-02-17 9:25,6.042
2014-02-17 9:30,6.012
2014-02-17 9:35,5.64
2014-02-17 9:40,6.03
2014-02-17 9:45,5.852
2014-02-17 9:50,5.998
2014-02-17 9:55,6.074
2014-02-17 10:00,5.824
2014-02-17 10:05,5.836
2014-02-17 10:10,6.246
2014-02-17 10:15,5.832
2014-02-17 10:20,6.252
2014-02-17 10:25,6.664
2014-02-17 10:30,6.04
2014-02-17 10:35,6.046
2014-02-17 10:40,6.262
2014-02-17 10:45,6.042
2014-02-17 10:50,6.044
2014-02-17 10:55,6.026
2014-02-17 11:00,6.26
2014-02-17 11:05,6.25
2014-02-17 11:10,6.684
2014-02-17 11:15,5.842
2014-02-17 11:20,5.834
2014-02-17 11:25,6.242
2014-02-17 11:30,6.024
2014-02-17 11:35,5.648
2014-02-17 11:40,6.464
2014-02-17 11:45,5.816
2014-02-17 11:50,6.054
2014-02-17 11:55,5.862
2014-02-17 12:00,6.05
2014-02-17 12:05,5.812
2014-02-17 12:10,6.468
2014-02-17 12:15,6.262
2014-02-17 12:20,5.87
2014-02-17 12:25,5.834
2014-02-17 12:30,6.044
2014-02-17 12:35,5.828
2014-02-17 12:40,6.036
2014-02-17 12:45,5.856
2014-02-17 12:50,6.252
2014-02-17 12:55,6.252
2014-02-17 13:00,6.43
2014-02-17 13:05,6.668
2014-02-17 13:10,6.248
2014-02-17 13:15,6.042
2014-02-17 13:20,6.26
2014-02-17 13:25,6.03
2014-02-17 13:30,6.028
2014-02-17 13:35,6.064
2014-02-17 13:40,6.04
2014-02-17 13:45,6.042
2014-02-17 13:50,6.02
2014-02-17 13:55,6.07
2014-02-17 14:00,6.044
2014-02-17 14:05,6.042
2014-02-17 14:10,6.468
2014-02-17 14:15,6.46
2014-02-17 14:20,6.004
2014-02-17 14:25,6.074
2014-02-17 14:30,6.03
2014-02-17 14:35,6.05
2014-02-17 14:40,6.07
2014-02-17 14:45,5.822
2014-02-17 14:50,6.03
2014-02-17 14:55,6.07
2014-02-17 15:00,6.446
2014-02-17 15:05,6.482
2014-02-17 15:10,6.236
2014-02-17 15:15,5.834
2014-02-17 15:20,6.228
2014-02-17 15:25,6.234
2014-02-17 15:30,6.258
2014-02-17 15:35,5.816
2014-02-17 15:40,6.66
2014-02-17 15:45,5.856
2014-02-17 15:50,6.26
2014-02-17 15:55,6.214
2014-02-17 16:00,6.082
2014-02-17 16:05,6.046
2014-02-17 16:10,6.668
2014-02-17 16:15,6.448
2014-02-17 16:20,6.048
2014-02-17 16:25,5.816
2014-02-17 16:30,6.086
2014-02-17 16:35,5.826
2014-02-17 16:40,6.04
2014-02-17 16:45,5.83
2014-02-17 16:50,6.056
2014-02-17 16:55,6.048
2014-02-17 17:00,5.846
2014-02-17 17:05,5.834
2014-02-17 17:10,6.876
2014-02-17 17:15,6.442
2014-02-17 17:20,6.054
2014-02-17 17:25,5.63
2014-02-17 17:30,6.252
2014-02-17 17:35,5.824
2014-02-17 17:40,6.024
2014-02-17 17:45,6.022
2014-02-17 17:50,6.054
2014-02-17 17:55,6.046
2014-02-17 18:00,6.412
2014-02-17 18:05,6.692
2014-02-17 18:10,6.68
2014-02-17 18:15,5.828
2014-02-17 18:20,6.252
2014-02-17 18:25,5.82
2014-02-17 18:30,6.278
2014-02-17 18:35,5.834
2014-02-17 18:40,6.264
2014-02-17 18:45,5.836
2014-02-17 18:50,6.058
2014-02-17 18:55,5.84
2014-02-17 19:00,5.992
2014-02-17 19:05,5.848
2014-02-17 19:10,7.532
2014-02-17 19:15,5.828
2014-02-17 19:20,6.044
2014-02-17 19:25,5.832
2014-02-17 19:30,6.044
2014-02-17 19:35,5.626
2014-02-17 19:40,6.234
2014-02-17 19:45,5.862
2014-02-17 19:50,5.842
2014-02-17 19:55,5.828
2014-02-17 20:00,5.842
2014-02-17 20:05,6.034
2014-02-17 20:10,5.81
2014-02-17 20:15,5.838
2014-02-17 20:20,5.85
2014-02-17 20:25,6.242
2014-02-17 20:30,6
2014-02-17 20:35,6.892
2014-02-17 20:40,6.446
2014-02-17 20:45,6.074
2014-02-17 20:50,5.82
2014-02-17 20:55,5.838
2014-02-17 21:00,6.878
2014-02-17 21:05,6.452
2014-02-17 21:10,6.024
2014-02-17 21:15,6.036
2014-02-17 21:20,6.024
2014-02-17 21:25,6.286
2014-02-17 21:30,7.104
2014-02-17 21:35,6.016
2014-02-17 21:40,6.078
2014-02-17 21:45,6.034
2014-02-17 21:50,6.25
2014-02-17 21:55,6.042
2014-02-17 22:00,6.198
2014-02-17 22:05,6.068
2014-02-17 22:10,6.056
2014-02-17 22:15,5.83
2014-02-17 22:20,6.018
2014-02-17 22:25,5.862
2014-02-17 22:30,6.052
2014-02-17 22:35,5.83
2014-02-17 22:40,7.084
2014-02-17 22:45,6.25
2014-02-17 22:50,6.052
2014-02-17 22:55,5.834
2014-02-17 23:00,6.024
2014-02-17 23:05,5.626
2014-02-17 23:10,6.22
2014-02-17 23:15,5.62
2014-02-17 23:20,6.012
2014-02-17 23:25,5.838
2014-02-17 23:30,7.084
2014-02-17 23:35,6.25
2014-02-17 23:40,6.256
2014-02-17 23:45,5.828
2014-02-17 23:50,6.252
2014-02-17 23:55,6.176
2014-02-18 0:00,6.1
2014-02-18 0:05,6.69
2014-02-18 0:10,7.06
2014-02-18 0:15,6.07
2014-02-18 0:20,6.024
2014-02-18 0:25,5.844
2014-02-18 0:30,6.288
2014-02-18 0:35,5.828
2014-02-18 0:40,6.062
2014-02-18 0:45,5.816
2014-02-18 0:50,6.076
2014-02-18 0:55,6.04
2014-02-18 1:00,6.044
2014-02-18 1:05,6.04
2014-02-18 1:10,7.88
2014-02-18 1:15,5.854
2014-02-18 1:20,6.026
2014-02-18 1:25,6.486
2014-02-18 1:30,5.422
2014-02-18 1:35,6.04
2014-02-18 1:40,6.03
2014-02-18 1:45,5.862
2014-02-18 1:50,5.824
2014-02-18 1:55,5.834
2014-02-18 2:00,6.206
2014-02-18 2:05,5.852
2014-02-18 2:10,6.252
2014-02-18 2:15,6.016
2014-02-18 2:20,7.76
2014-02-18 2:25,6.44
2014-02-18 2:30,6.298
2014-02-18 2:35,5.814
2014-02-18 2:40,6.278
2014-02-18 2:45,6.04
2014-02-18 2:50,6.04
2014-02-18 2:55,6.028
2014-02-18 3:00,7.328
2014-02-18 3:05,6.668
2014-02-18 3:10,6.052
2014-02-18 3:15,6.042
2014-02-18 3:20,6.042
2014-02-18 3:25,6.044
2014-02-18 3:30,6.056
2014-02-18 3:35,5.834
2014-02-18 3:40,6.048
2014-02-18 3:45,5.812
2014-02-18 3:50,6.09
2014-02-18 3:55,6.026
2014-02-18 4:00,5.85
2014-02-18 4:05,6.034
2014-02-18 4:10,6.024
2014-02-18 4:15,5.862
2014-02-18 4:20,6.02
2014-02-18 4:25,5.862
2014-02-18 4:30,6.038
2014-02-18 4:35,5.828
2014-02-18 4:40,6.044
2014-02-18 4:45,6.024
2014-02-18 4:50,6.08
2014-02-18 4:55,6.022
2014-02-18 5:00,6.078
2014-02-18 5:05,5.832
2014-02-18 5:10,6.436
2014-02-18 5:15,6.064
2014-02-18 5:20,6.04
2014-02-18 5:25,7.052
2014-02-18 5:30,5.606
2014-02-18 5:35,6.064
2014-02-18 5:40,6.236
2014-02-18 5:45,6.496
2014-02-18 5:50,5.426
2014-02-18 5:55,6.438
2014-02-18 6:00,6.074
2014-02-18 6:05,6.04
2014-02-18 6:10,6.218
2014-02-18 6:15,5.862
2014-02-18 6:20,6.04
2014-02-18 6:25,6.218
2014-02-18 6:30,6.058
2014-02-18 6:35,5.838
2014-02-18 6:40,6.082
2014-02-18 6:45,5.832
2014-02-18 6:50,6.044
2014-02-18 6:55,6.254
2014-02-18 7:00,6.012
2014-02-18 7:05,5.83
2014-02-18 7:10,6.464
2014-02-18 7:15,5.816
2014-02-18 7:20,6.08
2014-02-18 7:25,5.828
2014-02-18 7:30,6.044
2014-02-18 7:35,5.802
2014-02-18 7:40,6.446
2014-02-18 7:45,6.068
2014-02-18 7:50,6.024
2014-02-18 7:55,6.908
2014-02-18 8:00,6.652
2014-02-18 8:05,6.078
2014-02-18 8:10,6.252
2014-02-18 8:15,6.462
2014-02-18 8:20,6.038
2014-02-18 8:25,5.828
2014-02-18 8:30,6.276
2014-02-18 8:35,5.834
2014-02-18 8:40,6.008
2014-02-18 8:45,6.074
2014-02-18 8:50,6.022
2014-02-18 8:55,6.07
2014-02-18 9:00,6.044
2014-02-18 9:05,5.63
2014-02-18 9:10,6.252
2014-02-18 9:15,5.82
2014-02-18 9:20,6.044
2014-02-18 9:25,6.46
2014-02-18 9:30,6.044
2014-02-18 9:35,5.622
2014-02-18 9:40,6.056
2014-02-18 9:45,5.816
2014-02-18 9:50,6.062
2014-02-18 9:55,6.046
2014-02-18 10:00,5.85
2014-02-18 10:05,6.458
2014-02-18 10:10,6.668
2014-02-18 10:15,5.81
2014-02-18 10:20,6.08
2014-02-18 10:25,5.834
2014-02-18 10:30,5.844
2014-02-18 10:35,5.834
2014-02-18 10:40,5.834
2014-02-18 10:45,5.626
2014-02-18 10:50,6.024
2014-02-18 10:55,6.032
2014-02-18 11:00,6.266
2014-02-18 11:05,5.836
2014-02-18 11:10,5.836
2014-02-18 11:15,5.828
2014-02-18 11:20,6.468
2014-02-18 11:25,5.62
2014-02-18 11:30,6.238
2014-02-18 11:35,6.06
2014-02-18 11:40,6.232
2014-02-18 11:45,6.064
2014-02-18 11:50,6.252
2014-02-18 11:55,6.25
2014-02-18 12:00,6.208
2014-02-18 12:05,5.862
2014-02-18 12:10,6.682
2014-02-18 12:15,6.244
2014-02-18 12:20,6.012
2014-02-18 12:25,6.25
2014-02-18 12:30,6.024
2014-02-18 12:35,5.81
2014-02-18 12:40,6.298
2014-02-18 12:45,5.836
2014-02-18 12:50,5.836
2014-02-18 12:55,6.246
2014-02-18 13:00,6.642
2014-02-18 13:05,6.038
2014-02-18 13:10,6.266
2014-02-18 13:15,5.816
2014-02-18 13:20,6.054
2014-02-18 13:25,5.824
2014-02-18 13:30,6.058
2014-02-18 13:35,5.63
2014-02-18 13:40,6.02
2014-02-18 13:45,6.044
2014-02-18 13:50,6.042
2014-02-18 13:55,5.834
2014-02-18 14:00,6.46
2014-02-18 14:05,6.026
2014-02-18 14:10,6.432
2014-02-18 14:15,5.856
2014-02-18 14:20,6.252
2014-02-18 14:25,6.042
2014-02-18 14:30,6.228
2014-02-18 14:35,6.05
2014-02-18 14:40,6.298
2014-02-18 14:45,6.036
2014-02-18 14:50,6.264
2014-02-18 14:55,6.458
2014-02-18 15:00,5.59
2014-02-18 15:05,5.86
2014-02-18 15:10,6.228
2014-02-18 15:15,5.834
2014-02-18 15:20,6.856
2014-02-18 15:25,6.064
2014-02-18 15:30,6.024
2014-02-18 15:35,5.848
2014-02-18 15:40,6.038
2014-02-18 15:45,6.07
2014-02-18 15:50,5.842
2014-02-18 15:55,6.042
2014-02-18 16:00,6.052
2014-02-18 16:05,5.828
2014-02-18 16:10,6.044
2014-02-18 16:15,5.834
2014-02-18 16:20,6.876
2014-02-18 16:25,5.62
2014-02-18 16:30,6.464
2014-02-18 16:35,6.016
2014-02-18 16:40,6.302
2014-02-18 16:45,6.458
2014-02-18 16:50,5.626
2014-02-18 16:55,6.036
2014-02-18 17:00,6.044
2014-02-18 17:05,6.25
2014-02-18 17:10,6.042
2014-02-18 17:15,6.244
2014-02-18 17:20,6.676
2014-02-18 17:25,6.046
2014-02-18 17:30,5.84
2014-02-18 17:35,6.036
2014-02-18 17:40,6.46
2014-02-18 17:45,6.04
2014-02-18 17:50,6.252
2014-02-18 17:55,6.222
2014-02-18 18:00,6.29
2014-02-18 18:05,6.254
2014-02-18 18:10,7.084
2014-02-18 18:15,6.042
2014-02-18 18:20,6.248
2014-02-18 18:25,6.038
2014-02-18 18:30,6.26
2014-02-18 18:35,6.046
2014-02-18 18:40,6.228
2014-02-18 18:45,5.856
2014-02-18 18:50,6.052
2014-02-18 18:55,5.834
2014-02-18 19:00,6.46
2014-02-18 19:05,6.016
2014-02-18 19:10,7.54
2014-02-18 19:15,5.816
2014-02-18 19:20,6.09
2014-02-18 19:25,5.834
2014-02-18 19:30,6
2014-02-18 19:35,5.838
2014-02-18 19:40,6.058
2014-02-18 19:45,5.822
2014-02-18 19:50,6.022
2014-02-18 19:55,6.064
2014-02-18 20:00,6.022
2014-02-18 20:05,5.856
2014-02-18 20:10,6.436
2014-02-18 20:15,5.862
2014-02-18 20:20,6.052
2014-02-18 20:25,6.876
2014-02-18 20:30,6.414
2014-02-18 20:35,6.07
2014-02-18 20:40,6.016
2014-02-18 20:45,5.838
2014-02-18 20:50,6.07
2014-02-18 20:55,5.808
2014-02-18 21:00,6.086
2014-02-18 21:05,5.816
2014-02-18 21:10,6.276
2014-02-18 21:15,6.044
2014-02-18 21:20,6.054
2014-02-18 21:25,7.266
2014-02-18 21:30,6.292
2014-02-18 21:35,6.03
2014-02-18 21:40,5.814
2014-02-18 21:45,5.862
2014-02-18 21:50,5.828
2014-02-18 21:55,6.038
2014-02-18 22:00,6.04
2014-02-18 22:05,5.834
2014-02-18 22:10,6.876
2014-02-18 22:15,6.642
2014-02-18 22:20,6.054
2014-02-18 22:25,6.05
2014-02-18 22:30,6.044
2014-02-18 22:35,5.834
2014-02-18 22:40,6.228
2014-02-18 22:45,5.838
2014-02-18 22:50,6.01
2014-02-18 22:55,6.69
2014-02-18 23:00,6.042
2014-02-18 23:05,6.878
2014-02-18 23:10,6.668
2014-02-18 23:15,5.838
2014-02-18 23:20,6.22
2014-02-18 23:25,6.458
2014-02-18 23:30,6.026
2014-02-18 23:35,5.866
2014-02-18 23:40,6.256
2014-02-18 23:45,5.838
2014-02-18 23:50,6.052
2014-02-18 23:55,5.978
2014-02-19 0:00,6.156
2014-02-19 0:05,5.834
2014-02-19 0:10,6.228
2014-02-19 0:15,7.114
2014-02-19 0:20,6.644
2014-02-19 0:25,6.064
2014-02-19 0:30,6.252
2014-02-19 0:35,6.042
2014-02-19 0:40,6.252
2014-02-19 0:45,6.024
2014-02-19 0:50,6.29
2014-02-19 0:55,6.022
2014-02-19 1:00,6.888
2014-02-19 1:05,5.232
2014-02-19 1:10,6.668
2014-02-19 1:15,5.834
2014-02-19 1:20,6.68
2014-02-19 1:25,7.272
2014-02-19 1:30,6.078
2014-02-19 1:35,5.816
2014-02-19 1:40,6.3
2014-02-19 1:45,5.82
2014-02-19 1:50,5.872
2014-02-19 1:55,6.224
2014-02-19 2:00,6.068
2014-02-19 2:05,5.862
2014-02-19 2:10,6.206
2014-02-19 2:15,6.902
2014-02-19 2:20,6.646
2014-02-19 2:25,5.816
2014-02-19 2:30,6.062
2014-02-19 2:35,5.838
2014-02-19 2:40,6.054
2014-02-19 2:45,5.84
2014-02-19 2:50,6.056
2014-02-19 2:55,6.25
2014-02-19 3:00,6.252
2014-02-19 3:05,6.042
2014-02-19 3:10,6.228
2014-02-19 3:15,6.046
2014-02-19 3:20,6.02
2014-02-19 3:25,6.068
2014-02-19 3:30,6.658
2014-02-19 3:35,7.296
2014-02-19 3:40,6.228
2014-02-19 3:45,5.856
2014-02-19 3:50,6.252
2014-02-19 3:55,5.834
2014-02-19 4:00,6.41
2014-02-19 4:05,5.848
2014-02-19 4:10,6.228
2014-02-19 4:15,5.866
2014-02-19 4:20,6.044
2014-02-19 4:25,6.034
2014-02-19 4:30,6.022
2014-02-19 4:35,5.862
2014-02-19 4:40,6.254
2014-02-19 4:45,5.842
2014-02-19 4:50,5.816
2014-02-19 4:55,6.07
2014-02-19 5:00,6.03
2014-02-19 5:05,6.48
2014-02-19 5:10,5.402
2014-02-19 5:15,5.856
2014-02-19 5:20,6.044
2014-02-19 5:25,6.252
2014-02-19 5:30,6.252
2014-02-19 5:35,5.83
2014-02-19 5:40,6.232
2014-02-19 5:45,6.042
2014-02-19 5:50,6.024
2014-02-19 5:55,6.25
2014-02-19 6:00,6.04
2014-02-19 6:05,6.25
2014-02-19 6:10,6.036
2014-02-19 6:15,6.24
2014-02-19 6:20,6.668
2014-02-19 6:25,5.624
2014-02-19 6:30,6.044
2014-02-19 6:35,5.836
2014-02-19 6:40,6.042
2014-02-19 6:45,5.834
2014-02-19 6:50,6.042
2014-02-19 6:55,6.042
2014-02-19 7:00,6.664
2014-02-19 7:05,5.838
2014-02-19 7:10,6.634
2014-02-19 7:15,5.222
2014-02-19 7:20,6.05
2014-02-19 7:25,5.828
2014-02-19 7:30,6.048
2014-02-19 7:35,5.83
2014-02-19 7:40,5.836
2014-02-19 7:45,6.018
2014-02-19 7:50,6.078
2014-02-19 7:55,7.082
2014-02-19 8:00,7.252
2014-02-19 8:05,5.42
2014-02-19 8:10,6.266
2014-02-19 8:15,5.816
2014-02-19 8:20,6.258
2014-02-19 8:25,5.842
2014-02-19 8:30,6.266
2014-02-19 8:35,6.038
2014-02-19 8:40,6.244
2014-02-19 8:45,5.834
2014-02-19 8:50,6.044
2014-02-19 8:55,6.256
2014-02-19 9:00,6.044
2014-02-19 9:05,6.458
2014-02-19 9:10,6.036
2014-02-19 9:15,6.042
2014-02-19 9:20,6.25
2014-02-19 9:25,5.834
2014-02-19 9:30,6.048
2014-02-19 9:35,5.62
2014-02-19 9:40,6.256
2014-02-19 9:45,5.626
2014-02-19 9:50,6.236
2014-02-19 9:55,6.464
2014-02-19 10:00,5.634
2014-02-19 10:05,6.49
2014-02-19 10:10,6.026
2014-02-19 10:15,5.64
2014-02-19 10:20,6.078
2014-02-19 10:25,5.83
2014-02-19 10:30,6.254
2014-02-19 10:35,6.032
2014-02-19 10:40,6.228
2014-02-19 10:45,6.05
2014-02-19 10:50,6.038
2014-02-19 10:55,6.286
2014-02-19 11:00,6.044
2014-02-19 11:05,6.25
2014-02-19 11:10,6.052
2014-02-19 11:15,5.816
2014-02-19 11:20,6.058
2014-02-19 11:25,6.042
2014-02-19 11:30,7.254
2014-02-19 11:35,5.834
2014-02-19 11:40,6.252
2014-02-19 11:45,6.032
2014-02-19 11:50,5.834
2014-02-19 11:55,6.244
2014-02-19 12:00,6.648
2014-02-19 12:05,6.07
2014-02-19 12:10,6.062
2014-02-19 12:15,5.834
2014-02-19 12:20,6.252
2014-02-19 12:25,5.82
2014-02-19 12:30,6.448
2014-02-19 12:35,5.44
2014-02-19 12:40,6.016
2014-02-19 12:45,5.856
2014-02-19 12:50,6.024
2014-02-19 12:55,6.492
2014-02-19 13:00,5.85
2014-02-19 13:05,5.834
2014-02-19 13:10,6.44
2014-02-19 13:15,5.836
2014-02-19 13:20,5.876
2014-02-19 13:25,5.836
2014-02-19 13:30,6.02
2014-02-19 13:35,6.49
2014-02-19 13:40,5.992
2014-02-19 13:45,6.282
2014-02-19 13:50,6.228
2014-02-19 13:55,6.25
2014-02-19 14:00,6.066
2014-02-19 14:05,6.022
2014-02-19 14:10,6.888
2014-02-19 14:15,5.828
2014-02-19 14:20,6.26
2014-02-19 14:25,6.042
2014-02-19 14:30,6.046
2014-02-19 14:35,5.828
2014-02-19 14:40,6.226
2014-02-19 14:45,5.838
2014-02-19 14:50,6.066
2014-02-19 14:55,6.042
2014-02-19 15:00,6.462
2014-02-19 15:05,5.626
2014-02-19 15:10,6.46
2014-02-19 15:15,6.224
2014-02-19 15:20,5.446
2014-02-19 15:25,6.868
2014-02-19 15:30,6.04
2014-02-19 15:35,5.842
2014-02-19 15:40,6.016
2014-02-19 15:45,5.86
2014-02-19 15:50,6.02
2014-02-19 15:55,6.072
2014-02-19 16:00,6.256
2014-02-19 16:05,5.82
2014-02-19 16:10,6.91
2014-02-19 16:15,5.834
2014-02-19 16:20,6.256
2014-02-19 16:25,6.032
2014-02-19 16:30,6.02
2014-02-19 16:35,5.866
2014-02-19 16:40,6.052
2014-02-19 16:45,5.626
2014-02-19 16:50,6.232
2014-02-19 16:55,5.828
2014-02-19 17:00,5.996
2014-02-19 17:05,6.074
2014-02-19 17:10,7.098
2014-02-19 17:15,5.834
2014-02-19 17:20,6.248
2014-02-19 17:25,5.81
2014-02-19 17:30,5.85
2014-02-19 17:35,5.836
2014-02-19 17:40,6.032
2014-02-19 17:45,5.598
2014-02-19 17:50,6.474
2014-02-19 17:55,6.694
2014-02-19 18:00,5.602
2014-02-19 18:05,5.862
2014-02-19 18:10,6.252
2014-02-19 18:15,6.042
2014-02-19 18:20,6.884
2014-02-19 18:25,6.628
2014-02-19 18:30,5.428
2014-02-19 18:35,6.046
2014-02-19 18:40,5.826
2014-02-19 18:45,6.04
2014-02-19 18:50,6.456
2014-02-19 18:55,6.228
2014-02-19 19:00,6.058
2014-02-19 19:05,6.042
2014-02-19 19:10,6.224
2014-02-19 19:15,6.078
2014-02-19 19:20,7.272
2014-02-19 19:25,6.07
2014-02-19 19:30,6.05
2014-02-19 19:35,6.042
2014-02-19 19:40,6.252
2014-02-19 19:45,5.842
2014-02-19 19:50,6.018
2014-02-19 19:55,6.07
2014-02-19 20:00,6.042
2014-02-19 20:05,6.452
2014-02-19 20:10,6.868
2014-02-19 20:15,5.63
2014-02-19 20:20,6.474
2014-02-19 20:25,5.82
2014-02-19 20:30,6.062
2014-02-19 20:35,5.844
2014-02-19 20:40,6.302
2014-02-19 20:45,5.834
2014-02-19 20:50,5.844
2014-02-19 20:55,6.042
2014-02-19 21:00,6.032
2014-02-19 21:05,5.816
2014-02-19 21:10,6.7
2014-02-19 21:15,6.644
2014-02-19 21:20,6.238
2014-02-19 21:25,6.06
2014-02-19 21:30,6.252
2014-02-19 21:35,6.034
2014-02-19 21:40,6.248
2014-02-19 21:45,6.24
2014-02-19 21:50,6.228
2014-02-19 21:55,6.072
2014-02-19 22:00,6.252
2014-02-19 22:05,6.042
2014-02-19 22:10,6.256
2014-02-19 22:15,5.828
2014-02-19 22:20,7.502
2014-02-19 22:25,6.042
2014-02-19 22:30,5.816
2014-02-19 22:35,6.24
2014-02-19 22:40,6.024
2014-02-19 22:45,6.282
2014-02-19 22:50,5.848
2014-02-19 22:55,6.036
2014-02-19 23:00,6.02
2014-02-19 23:05,7.086
2014-02-19 23:10,6.428
2014-02-19 23:15,5.856
2014-02-19 23:20,5.836
2014-02-19 23:25,6.222
2014-02-19 23:30,6.074
2014-02-19 23:35,5.834
2014-02-19 23:40,5.846
2014-02-19 23:45,6.046
2014-02-19 23:50,6.032
2014-02-19 23:55,6.416
2014-02-20 0:00,6.96
2014-02-20 0:05,6.628
2014-02-20 0:10,6.286
2014-02-20 0:15,6.042
2014-02-20 0:20,6.048
2014-02-20 0:25,6.042
2014-02-20 0:30,6.236
2014-02-20 0:35,7.302
2014-02-20 0:40,6.502
2014-02-20 0:45,5.82
2014-02-20 0:50,6.058
2014-02-20 0:55,6.234
2014-02-20 1:00,6.032
2014-02-20 1:05,5.832
2014-02-20 1:10,6.224
2014-02-20 1:15,7.492
2014-02-20 1:20,6.46
2014-02-20 1:25,5.834
2014-02-20 1:30,6.042
2014-02-20 1:35,5.604
2014-02-20 1:40,6.05
2014-02-20 1:45,5.832
2014-02-20 1:50,6.056
2014-02-20 1:55,5.81
2014-02-20 2:00,6.074
2014-02-20 2:05,6.25
2014-02-20 2:10,7.274
2014-02-20 2:15,6.046
2014-02-20 2:20,6.04
2014-02-20 2:25,6.042
2014-02-20 2:30,6.46
2014-02-20 2:35,5.828
2014-02-20 2:40,6.016
2014-02-20 2:45,6.244
2014-02-20 2:50,6.03
2014-02-20 2:55,6.254
2014-02-20 3:00,6.246
2014-02-20 3:05,7.328
2014-02-20 3:10,6.846
2014-02-20 3:15,5.834
2014-02-20 3:20,5.832
2014-02-20 3:25,6.018
2014-02-20 3:30,6.086
2014-02-20 3:35,5.828
2014-02-20 3:40,6.258
2014-02-20 3:45,5.838
2014-02-20 3:50,6
2014-02-20 3:55,6.066
2014-02-20 4:00,6.248
2014-02-20 4:05,5.814
2014-02-20 4:10,6.058
2014-02-20 4:15,5.834
2014-02-20 4:20,6.012
2014-02-20 4:25,5.864
2014-02-20 4:30,5.844
2014-02-20 4:35,5.81
2014-02-20 4:40,5.854
2014-02-20 4:45,6.042
2014-02-20 4:50,6.04
2014-02-20 4:55,6.254
2014-02-20 5:00,6.042
2014-02-20 5:05,6.052
2014-02-20 5:10,6.044
2014-02-20 5:15,6.042
2014-02-20 5:20,6.204
2014-02-20 5:25,5.862
2014-02-20 5:30,6.044
2014-02-20 5:35,5.834
2014-02-20 5:40,6.036
2014-02-20 5:45,5.626
2014-02-20 5:50,6.024
2014-02-20 5:55,6.022
2014-02-20 6:00,6.08
2014-02-20 6:05,5.838
2014-02-20 6:10,6.022
2014-02-20 6:15,5.856
2014-02-20 6:20,6.052
2014-02-20 6:25,5.83
2014-02-20 6:30,6.04
2014-02-20 6:35,5.81
2014-02-20 6:40,6.052
2014-02-20 6:45,5.862
2014-02-20 6:50,6.024
2014-02-20 6:55,6.022
2014-02-20 7:00,6.064
2014-02-20 7:05,6.07
2014-02-20 7:10,6.252
2014-02-20 7:15,6.016
2014-02-20 7:20,6.27
2014-02-20 7:25,6.286
2014-02-20 7:30,6.016
2014-02-20 7:35,5.848
2014-02-20 7:40,6.264
2014-02-20 7:45,5.832
2014-02-20 7:50,6.032
2014-02-20 7:55,7.078
2014-02-20 8:00,6.248
2014-02-20 8:05,6.024
2014-02-20 8:10,6.284
2014-02-20 8:15,5.83
2014-02-20 8:20,6.668
2014-02-20 8:25,6.04
2014-02-20 8:30,6.044
2014-02-20 8:35,6.042
2014-02-20 8:40,6.232
2014-02-20 8:45,6.042
2014-02-20 8:50,6.044
2014-02-20 8:55,6.254
2014-02-20 9:00,6.224
2014-02-20 9:05,6.064
2014-02-20 9:10,6.26
2014-02-20 9:15,6.018
2014-02-20 9:20,6.474
2014-02-20 9:25,6.246
2014-02-20 9:30,6.024
2014-02-20 9:35,5.838
2014-02-20 9:40,6.082
2014-02-20 9:45,6.016
2014-02-20 9:50,6.27
2014-02-20 9:55,6.068
2014-02-20 10:00,6.642
2014-02-20 10:05,5.856
2014-02-20 10:10,6.264
2014-02-20 10:15,5.814
2014-02-20 10:20,6.082
2014-02-20 10:25,5.826
2014-02-20 10:30,6.232
2014-02-20 10:35,5.836
2014-02-20 10:40,6.096
2014-02-20 10:45,5.814
2014-02-20 10:50,6.05
2014-02-20 10:55,6.042
2014-02-20 11:00,5.992
2014-02-20 11:05,6.478
2014-02-20 11:10,6.266
2014-02-20 11:15,5.834
2014-02-20 11:20,6.23
2014-02-20 11:25,6.05
2014-02-20 11:30,6.29
2014-02-20 11:35,5.834
2014-02-20 11:40,6.464
2014-02-20 11:45,6.02
2014-02-20 11:50,6.034
2014-02-20 11:55,6.064
2014-02-20 12:00,6.248
2014-02-20 12:05,5.838
2014-02-20 12:10,6.846
2014-02-20 12:15,5.856
2014-02-20 12:20,6.016
2014-02-20 12:25,6.04
2014-02-20 12:30,6.046
2014-02-20 12:35,6.044
2014-02-20 12:40,6.048
2014-02-20 12:45,6.042
2014-02-20 12:50,6.672
2014-02-20 12:55,6.036
2014-02-20 13:00,5.634
2014-02-20 13:05,6.046
2014-02-20 13:10,6.252
2014-02-20 13:15,5.834
2014-02-20 13:20,6.044
2014-02-20 13:25,5.834
2014-02-20 13:30,6.852
2014-02-20 13:35,5.826
2014-02-20 13:40,6.44
2014-02-20 13:45,5.636
2014-02-20 13:50,6.058
2014-02-20 13:55,6.246
2014-02-20 14:00,7.27
2014-02-20 14:05,5.83
2014-02-20 14:10,6.228
2014-02-20 14:15,6.036
2014-02-20 14:20,6.256
2014-02-20 14:25,6.04
2014-02-20 14:30,6.452
2014-02-20 14:35,6.04
2014-02-20 14:40,6.04
2014-02-20 14:45,6.04
2014-02-20 14:50,6.042
2014-02-20 14:55,6.03
2014-02-20 15:00,6.248
2014-02-20 15:05,6.67
2014-02-20 15:10,6.016
2014-02-20 15:15,5.862
2014-02-20 15:20,6.044
2014-02-20 15:25,5.814
2014-02-20 15:30,6.082
2014-02-20 15:35,6.05
2014-02-20 15:40,6.02
2014-02-20 15:45,5.848
2014-02-20 15:50,5.828
2014-02-20 15:55,6.042
2014-02-20 16:00,6.86
2014-02-20 16:05,5.626
2014-02-20 16:10,6.264
2014-02-20 16:15,5.608
2014-02-20 16:20,6.242
2014-02-20 16:25,6.068
2014-02-20 16:30,6.25
2014-02-20 16:35,6.016
2014-02-20 16:40,6.266
2014-02-20 16:45,6.02
2014-02-20 16:50,6.058
2014-02-20 16:55,6.248
2014-02-20 17:00,6.044
2014-02-20 17:05,6.874
2014-02-20 17:10,6.232
2014-02-20 17:15,5.828
2014-02-20 17:20,6.256
2014-02-20 17:25,6.036
2014-02-20 17:30,6.226
2014-02-20 17:35,5.844
2014-02-20 17:40,6.29
2014-02-20 17:45,6.03
2014-02-20 17:50,6.266
2014-02-20 17:55,6.25
2014-02-20 18:00,6.228
2014-02-20 18:05,6.064
2014-02-20 18:10,6.642
2014-02-20 18:15,7.118
2014-02-20 18:20,6.252
2014-02-20 18:25,6.046
2014-02-20 18:30,6.232
2014-02-20 18:35,6.074
2014-02-20 18:40,6.232
2014-02-20 18:45,6.078
2014-02-20 18:50,6.228
2014-02-20 18:55,6.046
2014-02-20 19:00,6.614
2014-02-20 19:05,6.694
2014-02-20 19:10,6.266
2014-02-20 19:15,5.838
2014-02-20 19:20,6.25
2014-02-20 19:25,5.816
2014-02-20 19:30,6.304
2014-02-20 19:35,5.834
2014-02-20 19:40,6.024
2014-02-20 19:45,6.06
2014-02-20 19:50,5.844
2014-02-20 19:55,5.828
2014-02-20 20:00,6.436
2014-02-20 20:05,5.838
2014-02-20 20:10,6.078
2014-02-20 20:15,5.834
2014-02-20 20:20,7.066
2014-02-20 20:25,5.856
2014-02-20 20:30,6.228
2014-02-20 20:35,5.636
2014-02-20 20:40,6.058
2014-02-20 20:45,5.834
2014-02-20 20:50,5.626
2014-02-20 20:55,6.034
2014-02-20 21:00,6.02
2014-02-20 21:05,6.046
2014-02-20 21:10,7.292
2014-02-20 21:15,6.24
2014-02-20 21:20,6.258
2014-02-20 21:25,6.036
2014-02-20 21:30,6.02
2014-02-20 21:35,6.042
2014-02-20 21:40,6.22
2014-02-20 21:45,5.844
2014-02-20 21:50,6.256
2014-02-20 21:55,6.042
2014-02-20 22:00,7.084
2014-02-20 22:05,6.258
2014-02-20 22:10,6.268
2014-02-20 22:15,6.026
2014-02-20 22:20,5.836
2014-02-20 22:25,6.042
2014-02-20 22:30,6.024
2014-02-20 22:35,5.848
2014-02-20 22:40,6.024
2014-02-20 22:45,6.042
2014-02-20 22:50,5.836
2014-02-20 22:55,6.042
2014-02-20 23:00,6.236
2014-02-20 23:05,5.856
2014-02-20 23:10,7.292
2014-02-20 23:15,6.046
2014-02-20 23:20,6.024
2014-02-20 23:25,5.838
2014-02-20 23:30,6.034
2014-02-20 23:35,5.856
2014-02-20 23:40,6.028
2014-02-20 23:45,6.042
2014-02-20 23:50,6.024
2014-02-20 23:55,6.19
2014-02-21 0:00,6.152
2014-02-21 0:05,5.816
2014-02-21 0:10,6.078
2014-02-21 0:15,7.076
2014-02-21 0:20,6.44
2014-02-21 0:25,5.844
2014-02-21 0:30,6.064
2014-02-21 0:35,5.848
2014-02-21 0:40,6.288
2014-02-21 0:45,5.626
2014-02-21 0:50,6.052
2014-02-21 0:55,5.832
2014-02-21 1:00,6.874
2014-02-21 1:05,6.672
2014-02-21 1:10,6.464
2014-02-21 1:15,5.834
2014-02-21 1:20,5.796
2014-02-21 1:25,6.056
2014-02-21 1:30,5.85
2014-02-21 1:35,5.834
2014-02-21 1:40,7.098
2014-02-21 1:45,6.86
2014-02-21 1:50,6.252
2014-02-21 1:55,5.842
2014-02-21 2:00,6.024
2014-02-21 2:05,5.856
2014-02-21 2:10,6.232
2014-02-21 2:15,6.038
2014-02-21 2:20,6.024
2014-02-21 2:25,6.23
2014-02-21 2:30,6.29
2014-02-21 2:35,7.262
2014-02-21 2:40,6.246
2014-02-21 2:45,5.862
2014-02-21 2:50,6.036
2014-02-21 2:55,6.042
2014-02-21 3:00,6.05
2014-02-21 3:05,5.83
2014-02-21 3:10,7.502
2014-02-21 3:15,6.024
2014-02-21 3:20,5.87
2014-02-21 3:25,5.83
2014-02-21 3:30,6.042
2014-02-21 3:35,5.822
2014-02-21 3:40,5.792
2014-02-21 3:45,5.658
2014-02-21 3:50,6.02
2014-02-21 3:55,5.824
2014-02-21 4:00,5.82
2014-02-21 4:05,5.83
2014-02-21 4:10,6.044
2014-02-21 4:15,5.608
2014-02-21 4:20,6.286
2014-02-21 4:25,5.626
2014-02-21 4:30,5.816
2014-02-21 4:35,5.626
2014-02-21 4:40,6.228
2014-02-21 4:45,5.86
2014-02-21 4:50,6
2014-02-21 4:55,5.862
2014-02-21 5:00,6.038
2014-02-21 5:05,5.622
2014-02-21 5:10,6.042
2014-02-21 5:15,5.626
2014-02-21 5:20,5.834
2014-02-21 5:25,6.046
2014-02-21 5:30,5.822
2014-02-21 5:35,5.826
2014-02-21 5:40,6.012
2014-02-21 5:45,5.654
2014-02-21 5:50,6.004
2014-02-21 5:55,5.862
2014-02-21 6:00,6.028
2014-02-21 6:05,5.834
2014-02-21 6:10,6.252
2014-02-21 6:15,6.042
2014-02-21 6:20,6.044
2014-02-21 6:25,6.038
2014-02-21 6:30,6.03
2014-02-21 6:35,5.856
2014-02-21 6:40,6.028
2014-02-21 6:45,5.844
2014-02-21 6:50,6.058
2014-02-21 6:55,5.834
2014-02-21 7:00,6.252
2014-02-21 7:05,6.04
2014-02-21 7:10,6.044
2014-02-21 7:15,5.83
2014-02-21 7:20,6.044
2014-02-21 7:25,5.834
2014-02-21 7:30,6.044
2014-02-21 7:35,5.608
2014-02-21 7:40,6.078
2014-02-21 7:45,5.808
2014-02-21 7:50,5.658
2014-02-21 7:55,6.874
2014-02-21 8:00,6.202
2014-02-21 8:05,5.86
2014-02-21 8:10,6.042
2014-02-21 8:15,5.626
2014-02-21 8:20,5.632
2014-02-21 8:25,6.46
2014-02-21 8:30,6.042
2014-02-21 8:35,6.026
2014-02-21 8:40,6.2
2014-02-21 8:45,5.658
2014-02-21 8:50,5.84
2014-02-21 8:55,6.044
2014-02-21 9:00,6.044
2014-02-21 9:05,5.622
2014-02-21 9:10,6.46
2014-02-21 9:15,5.624
2014-02-21 9:20,6.248
2014-02-21 9:25,6.042
2014-02-21 9:30,6.26
2014-02-21 9:35,6.032
2014-02-21 9:40,6.04
2014-02-21 9:45,5.822
2014-02-21 9:50,6.252
2014-02-21 9:55,5.828
2014-02-21 10:00,6.222
2014-02-21 10:05,5.816
2014-02-21 10:10,6.494
2014-02-21 10:15,6.042
2014-02-21 10:20,6.036
2014-02-21 10:25,6.038
2014-02-21 10:30,6
2014-02-21 10:35,5.87
2014-02-21 10:40,6.252
2014-02-21 10:45,5.838
2014-02-21 10:50,6.044
2014-02-21 10:55,5.838
2014-02-21 11:00,6.258
2014-02-21 11:05,6.446
2014-02-21 11:10,6.042
2014-02-21 11:15,5.834
2014-02-21 11:20,6.044
2014-02-21 11:25,5.834
2014-02-21 11:30,6.044
2014-02-21 11:35,5.822
2014-02-21 11:40,6.04
2014-02-21 11:45,5.834
2014-02-21 11:50,6.05
2014-02-21 11:55,6.03
2014-02-21 12:00,6.052
2014-02-21 12:05,5.828
2014-02-21 12:10,6.25
2014-02-21 12:15,5.834
2014-02-21 12:20,6.238
2014-02-21 12:25,6.07
2014-02-21 12:30,6.436
2014-02-21 12:35,6.286
2014-02-21 12:40,6.256
2014-02-21 12:45,6.046
2014-02-21 12:50,6.24
2014-02-21 12:55,6.252
2014-02-21 13:00,6.02
2014-02-21 13:05,5.866
2014-02-21 13:10,6.02
2014-02-21 13:15,6.44
2014-02-21 13:20,6.078
2014-02-21 13:25,6.042
2014-02-21 13:30,6.26
2014-02-21 13:35,6.46
2014-02-21 13:40,6.228
2014-02-21 13:45,5.862
2014-02-21 13:50,6.016
2014-02-21 13:55,6.04
2014-02-21 14:00,6.668
2014-02-21 14:05,5.21
2014-02-21 14:10,5.84
2014-02-21 14:15,6.252
2014-02-21 14:20,5.836
2014-02-21 14:25,5.814
2014-02-21 14:30,5.88
2014-02-21 14:35,6.666
2014-02-21 14:40,5.834
2014-02-21 14:45,5.606
2014-02-21 14:50,6.244
2014-02-21 14:55,5.622
2014-02-21 15:00,6.228
2014-02-21 15:05,6.46
2014-02-21 15:10,6.442
2014-02-21 15:15,5.626
2014-02-21 15:20,6.048
2014-02-21 15:25,6.042
2014-02-21 15:30,6.042
2014-02-21 15:35,5.822
2014-02-21 15:40,6.252
2014-02-21 15:45,6.042
2014-02-21 15:50,6.024
2014-02-21 15:55,6.04
2014-02-21 16:00,6.052
2014-02-21 16:05,6.042
2014-02-21 16:10,6.668
2014-02-21 16:15,5.834
2014-02-21 16:20,5.846
2014-02-21 16:25,5.838
2014-02-21 16:30,6.044
2014-02-21 16:35,5.832
2014-02-21 16:40,6.044
2014-02-21 16:45,5.608
2014-02-21 16:50,6.062
2014-02-21 16:55,5.862
2014-02-21 17:00,5.834
2014-02-21 17:05,5.834
2014-02-21 17:10,6
2014-02-21 17:15,5.652
2014-02-21 17:20,6.852
2014-02-21 17:25,6.05
2014-02-21 17:30,5.87
2014-02-21 17:35,5.814
2014-02-21 17:40,5.87
2014-02-21 17:45,5.804
2014-02-21 17:50,6.074
2014-02-21 17:55,5.842
2014-02-21 18:00,6.05
2014-02-21 18:05,5.822
2014-02-21 18:10,6.02
2014-02-21 18:15,5.652
2014-02-21 18:20,6.032
2014-02-21 18:25,5.86
2014-02-21 18:30,7.088
2014-02-21 18:35,5.626
2014-02-21 18:40,6.044
2014-02-21 18:45,5.834
2014-02-21 18:50,6.228
2014-02-21 18:55,5.834
2014-02-21 19:00,6.042
2014-02-21 19:05,6.45
2014-02-21 19:10,6.876
2014-02-21 19:15,6.042
2014-02-21 19:20,6.46
2014-02-21 19:25,5.606
2014-02-21 19:30,6.074
2014-02-21 19:35,6.042
2014-02-21 19:40,6.232
2014-02-21 19:45,6.028
2014-02-21 19:50,6.078
2014-02-21 19:55,6.038
2014-02-21 20:00,7.268
2014-02-21 20:05,5.866
2014-02-21 20:10,6.252
2014-02-21 20:15,5.834
2014-02-21 20:20,6.04
2014-02-21 20:25,6.042
2014-02-21 20:30,7.088
2014-02-21 20:35,5.834
2014-02-21 20:40,6.044
2014-02-21 20:45,5.626
2014-02-21 20:50,6.044
2014-02-21 20:55,6.04
2014-02-21 21:00,5.836
2014-02-21 21:05,5.626
2014-02-21 21:10,6.858
2014-02-21 21:15,6.25
2014-02-21 21:20,5.836
2014-02-21 21:25,6.048
2014-02-21 21:30,5.6
2014-02-21 21:35,5.834
2014-02-21 21:40,5.836
2014-02-21 21:45,5.822
2014-02-21 21:50,5.806
2014-02-21 21:55,6.022
2014-02-21 22:00,5.874
2014-02-21 22:05,6.466
2014-02-21 22:10,6.854
2014-02-21 22:15,5.834
2014-02-21 22:20,6.228
2014-02-21 22:25,6.07
2014-02-21 22:30,6.044
2014-02-21 22:35,5.822
2014-02-21 22:40,6.226
2014-02-21 22:45,5.862
2014-02-21 22:50,6.004
2014-02-21 22:55,6.282
2014-02-21 23:00,5.822
2014-02-21 23:05,5.844
2014-02-21 23:10,6.288
2014-02-21 23:15,6.876
2014-02-21 23:20,6.25
2014-02-21 23:25,5.816
2014-02-21 23:30,5.864
2014-02-21 23:35,5.624
2014-02-21 23:40,6.044
2014-02-21 23:45,5.616
2014-02-21 23:50,6.05
2014-02-21 23:55,5.77
2014-02-22 0:00,6.356
2014-02-22 0:05,6.876
2014-02-22 0:10,6.048
2014-02-22 0:15,5.816
2014-02-22 0:20,5.878
2014-02-22 0:25,5.622
2014-02-22 0:30,6.02
2014-02-22 0:35,5.626
2014-02-22 0:40,6.044
2014-02-22 0:45,5.808
2014-02-22 0:50,6.078
2014-02-22 0:55,6.026
2014-02-22 1:00,6.882
2014-02-22 1:05,6.668
2014-02-22 1:10,6.21
2014-02-22 1:15,6.476
2014-02-22 1:20,5.87
2014-02-22 1:25,6.02
2014-02-22 1:30,6.29
2014-02-22 1:35,5.624
2014-02-22 1:40,6.224
2014-02-22 1:45,5.834
2014-02-22 1:50,6.044
2014-02-22 1:55,5.838
2014-02-22 2:00,6.232
2014-02-22 2:05,5.604
2014-02-22 2:10,6.068
2014-02-22 2:15,6.278
2014-02-22 2:20,6.876
2014-02-22 2:25,5.842
2014-02-22 2:30,5.816
2014-02-22 2:35,5.654
2014-02-22 2:40,6.052
2014-02-22 2:45,5.82
2014-02-22 2:50,5.868
2014-02-22 2:55,6.042
2014-02-22 3:00,6.682
2014-02-22 3:05,6.658
2014-02-22 3:10,6.02
2014-02-22 3:15,5.86
2014-02-22 3:20,6.04
2014-02-22 3:25,6.036
2014-02-22 3:30,6.256
2014-02-22 3:35,5.834
2014-02-22 3:40,6.256
2014-02-22 3:45,5.838
2014-02-22 3:50,6.248
2014-02-22 3:55,6.04
2014-02-22 4:00,6.426
2014-02-22 4:05,5.828
2014-02-22 4:10,6.258
2014-02-22 4:15,6.018
2014-02-22 4:20,6.086
2014-02-22 4:25,6.04
2014-02-22 4:30,6.252
2014-02-22 4:35,5.834
2014-02-22 4:40,6.048
2014-02-22 4:45,6.036
2014-02-22 4:50,6.048
2014-02-22 4:55,6.042
2014-02-22 5:00,5.84
2014-02-22 5:05,5.616
2014-02-22 5:10,6.44
2014-02-22 5:15,5.862
2014-02-22 5:20,6.044
2014-02-22 5:25,5.814
2014-02-22 5:30,6.078
2014-02-22 5:35,5.614
2014-02-22 5:40,6.024
2014-02-22 5:45,6.07
2014-02-22 5:50,5.82
2014-02-22 5:55,5.866
2014-02-22 6:00,5.836
2014-02-22 6:05,6.026
2014-02-22 6:10,6.078
2014-02-22 6:15,5.834
2014-02-22 6:20,6.044
2014-02-22 6:25,6.036
2014-02-22 6:30,6.884
2014-02-22 6:35,6.042
2014-02-22 6:40,6.434
2014-02-22 6:45,6.074
2014-02-22 6:50,6.252
2014-02-22 6:55,6.02
2014-02-22 7:00,6.29
2014-02-22 7:05,6.038
2014-02-22 7:10,6.228
2014-02-22 7:15,5.834
2014-02-22 7:20,6.248
2014-02-22 7:25,6.232
2014-02-22 7:30,6.058
2014-02-22 7:35,5.862
2014-02-22 7:40,6.04
2014-02-22 7:45,5.828
2014-02-22 7:50,6.044
2014-02-22 7:55,6.854
2014-02-22 8:00,6.288
2014-02-22 8:05,6.032
2014-02-22 8:10,5.604
2014-02-22 8:15,6.042
2014-02-22 8:20,5.83
2014-02-22 8:25,5.814
2014-02-22 8:30,6.08
2014-02-22 8:35,5.626
2014-02-22 8:40,6.042
2014-02-22 8:45,5.624
2014-02-22 8:50,6.05
2014-02-22 8:55,5.838
2014-02-22 9:00,6.252
2014-02-22 9:05,6.038
2014-02-22 9:10,6.46
2014-02-22 9:15,5.832
2014-02-22 9:20,6.252
2014-02-22 9:25,6.042
2014-02-22 9:30,6.238
2014-02-22 9:35,5.862
2014-02-22 9:40,6.048
2014-02-22 9:45,6.042
2014-02-22 9:50,6.044
2014-02-22 9:55,5.83
2014-02-22 10:00,6.232
2014-02-22 10:05,5.862
2014-02-22 10:10,6.652
2014-02-22 10:15,5.626
2014-02-22 10:20,6.05
2014-02-22 10:25,5.834
2014-02-22 10:30,6.02
2014-02-22 10:35,5.626
2014-02-22 10:40,6.09
2014-02-22 10:45,5.614
2014-02-22 10:50,6.044
2014-02-22 10:55,6.042
2014-02-22 11:00,5.836
2014-02-22 11:05,6.428
2014-02-22 11:10,6.078
2014-02-22 11:15,5.834
2014-02-22 11:20,5.836
2014-02-22 11:25,6.022
2014-02-22 11:30,6.29
2014-02-22 11:35,5.834
2014-02-22 11:40,6.464
2014-02-22 11:45,5.838
2014-02-22 11:50,6.042
2014-02-22 11:55,6.042
2014-02-22 12:00,6.044
2014-02-22 12:05,6.226
2014-02-22 12:10,6.474
2014-02-22 12:15,5.83
2014-02-22 12:20,6.022
2014-02-22 12:25,5.816
2014-02-22 12:30,6.082
2014-02-22 12:35,5.816
2014-02-22 12:40,6.286
2014-02-22 12:45,5.828
2014-02-22 12:50,5.824
2014-02-22 12:55,5.862
2014-02-22 13:00,6.044
2014-02-22 13:05,6.254
2014-02-22 13:10,6.204
2014-02-22 13:15,5.654
2014-02-22 13:20,5.84
2014-02-22 13:25,6.018
2014-02-22 13:30,6.29
2014-02-22 13:35,5.834
2014-02-22 13:40,6.46
2014-02-22 13:45,5.834
2014-02-22 13:50,6.878
2014-02-22 13:55,6.038
2014-02-22 14:00,5.824
2014-02-22 14:05,5.83
2014-02-22 14:10,6.052
2014-02-22 14:15,5.832
2014-02-22 14:20,6.884
2014-02-22 14:25,5.834
2014-02-22 14:30,6.044
2014-02-22 14:35,5.6
2014-02-22 14:40,6.284
2014-02-22 14:45,5.83
2014-02-22 14:50,5.836
2014-02-22 14:55,6.042
2014-02-22 15:00,5.834
2014-02-22 15:05,5.822
2014-02-22 15:10,6.024
2014-02-22 15:15,6.694
2014-02-22 15:20,6.044
2014-02-22 15:25,5.828
2014-02-22 15:30,6.024
2014-02-22 15:35,5.418
2014-02-22 15:40,6.252
2014-02-22 15:45,6.03
2014-02-22 15:50,5.834
2014-02-22 15:55,5.834
2014-02-22 16:00,6.044
2014-02-22 16:05,6.034
2014-02-22 16:10,6.864
2014-02-22 16:15,6.042
2014-02-22 16:20,6.044
2014-02-22 16:25,5.824
2014-02-22 16:30,5.834
2014-02-22 16:35,5.834
2014-02-22 16:40,6.436
2014-02-22 16:45,5.834
2014-02-22 16:50,6.016
2014-02-22 16:55,6.042
2014-02-22 17:00,6.248
2014-02-22 17:05,5.832
2014-02-22 17:10,6.228
2014-02-22 17:15,5.834
2014-02-22 17:20,6.648
2014-02-22 17:25,6.02
2014-02-22 17:30,6.062
2014-02-22 17:35,5.842
2014-02-22 17:40,6.082
2014-02-22 17:45,6.026
2014-02-22 17:50,5.87
2014-02-22 17:55,6.25
2014-02-22 18:00,6.028
2014-02-22 18:05,5.626
2014-02-22 18:10,6.25
2014-02-22 18:15,5.83
2014-02-22 18:20,5.796
2014-02-22 18:25,6.494
2014-02-22 18:30,6.44
2014-02-22 18:35,5.654
2014-02-22 18:40,6.044
2014-02-22 18:45,5.834
2014-02-22 18:50,5.822
2014-02-22 18:55,5.862
2014-02-22 19:00,6.85
2014-02-22 19:05,6.024
2014-02-22 19:10,6.282
2014-02-22 19:15,6.042
2014-02-22 19:20,6.222
2014-02-22 19:25,6.042
2014-02-22 19:30,6.044
2014-02-22 19:35,6.042
2014-02-22 19:40,6.044
2014-02-22 19:45,6.028
2014-02-22 19:50,6.036
2014-02-22 19:55,6.038
2014-02-22 20:00,6.024
2014-02-22 20:05,5.862
2014-02-22 20:10,6.044
2014-02-22 20:15,5.834
2014-02-22 20:20,6.022
2014-02-22 20:25,5.806
2014-02-22 20:30,6.062
2014-02-22 20:35,6.036
2014-02-22 20:40,6.894
2014-02-22 20:45,6.042
2014-02-22 20:50,6.028
2014-02-22 20:55,5.842
2014-02-22 21:00,6.088
2014-02-22 21:05,6.876
2014-02-22 21:10,6.654
2014-02-22 21:15,5.652
2014-02-22 21:20,5.834
2014-02-22 21:25,5.822
2014-02-22 21:30,5.816
2014-02-22 21:35,6.024
2014-02-22 21:40,6.296
2014-02-22 21:45,6.028
2014-02-22 21:50,6.074
2014-02-22 21:55,6.036
2014-02-22 22:00,6.256
2014-02-22 22:05,5.828
2014-02-22 22:10,6.648
2014-02-22 22:15,6.696
2014-02-22 22:20,6.232
2014-02-22 22:25,5.834
2014-02-22 22:30,6.024
2014-02-22 22:35,5.828
2014-02-22 22:40,6.25
2014-02-22 22:45,5.626
2014-02-22 22:50,6.03
2014-02-22 22:55,6.064
2014-02-22 23:00,5.816
2014-02-22 23:05,5.872
2014-02-22 23:10,6.016
2014-02-22 23:15,5.834
2014-02-22 23:20,6.47
2014-02-22 23:25,6.668
2014-02-22 23:30,5.836
2014-02-22 23:35,5.834
2014-02-22 23:40,5.804
2014-02-22 23:45,5.844
2014-02-22 23:50,6.078
2014-02-22 23:55,5.774
2014-02-23 0:00,6.162
2014-02-23 0:05,5.83
2014-02-23 0:10,6.256
2014-02-23 0:15,6.036
2014-02-23 0:20,6.644
2014-02-23 0:25,6.904
2014-02-23 0:30,6.018
2014-02-23 0:35,5.822
2014-02-23 0:40,7.916
2014-02-23 0:45,5.83
2014-02-23 0:50,6.044
2014-02-23 0:55,5.834
2014-02-23 1:00,5.836
2014-02-23 1:05,5.834
2014-02-23 1:10,6.46
2014-02-23 1:15,5.612
2014-02-23 1:20,5.88
2014-02-23 1:25,6.036
2014-02-23 1:30,6.252
2014-02-23 1:35,6.642
2014-02-23 1:40,7.102
2014-02-23 1:45,5.862
2014-02-23 1:50,6.004
2014-02-23 1:55,6.05
2014-02-23 2:00,6.262
2014-02-23 2:05,5.828
2014-02-23 2:10,6.264
2014-02-23 2:15,7.082
2014-02-23 2:20,6.25
2014-02-23 2:25,5.834
2014-02-23 2:30,6.042
2014-02-23 2:35,5.822
2014-02-23 2:40,6.024
2014-02-23 2:45,5.626
2014-02-23 2:50,6.002
2014-02-23 2:55,5.862
2014-02-23 3:00,5.62
2014-02-23 3:05,5.632
2014-02-23 3:10,7.088
2014-02-23 3:15,6.442
2014-02-23 3:20,5.87
2014-02-23 3:25,5.828
2014-02-23 3:30,5.836
2014-02-23 3:35,5.626
2014-02-23 3:40,6.252
2014-02-23 3:45,5.626
2014-02-23 3:50,5.836
2014-02-23 3:55,5.822
2014-02-23 4:00,6.64
2014-02-23 4:05,5.606
2014-02-23 4:10,6.294
2014-02-23 4:15,6.036
2014-02-23 4:20,6.228
2014-02-23 4:25,6.042
2014-02-23 4:30,6.252
2014-02-23 4:35,5.834
2014-02-23 4:40,6.252
2014-02-23 4:45,5.82
2014-02-23 4:50,6.058
2014-02-23 4:55,6.066
2014-02-23 5:00,6.232
2014-02-23 5:05,5.862
2014-02-23 5:10,6.028
2014-02-23 5:15,5.862
2014-02-23 5:20,6.024
2014-02-23 5:25,5.658
2014-02-23 5:30,6.232
2014-02-23 5:35,5.204
2014-02-23 5:40,6.458
2014-02-23 5:45,5.834
2014-02-23 5:50,5.836
2014-02-23 5:55,6.042
2014-02-23 6:00,6.024
2014-02-23 6:05,5.862
2014-02-23 6:10,6.042
2014-02-23 6:15,5.626
2014-02-23 6:20,5.794
2014-02-23 6:25,5.866
2014-02-23 6:30,6.252
2014-02-23 6:35,6.026
2014-02-23 6:40,6.286
2014-02-23 6:45,5.834
2014-02-23 6:50,6.044
2014-02-23 6:55,6.05
2014-02-23 7:00,6.204
2014-02-23 7:05,5.848
2014-02-23 7:10,5.868
2014-02-23 7:15,6.036
2014-02-23 7:20,6.046
2014-02-23 7:25,5.808
2014-02-23 7:30,6.046
2014-02-23 7:35,5.65
2014-02-23 7:40,6.25
2014-02-23 7:45,6.016
2014-02-23 7:50,6.078
2014-02-23 7:55,7.074
2014-02-23 8:00,6.252
2014-02-23 8:05,5.614
2014-02-23 8:10,6.44
2014-02-23 8:15,5.862
2014-02-23 8:20,6.044
2014-02-23 8:25,6.024
2014-02-23 8:30,6.058
2014-02-23 8:35,5.834
2014-02-23 8:40,6.052
2014-02-23 8:45,5.834
2014-02-23 8:50,6.03
2014-02-23 8:55,6.042
2014-02-23 9:00,6.252
2014-02-23 9:05,5.828
2014-02-23 9:10,6.044
2014-02-23 9:15,5.61
2014-02-23 9:20,6.02
2014-02-23 9:25,5.614
2014-02-23 9:30,5.836
2014-02-23 9:35,5.828
2014-02-23 9:40,6.044
2014-02-23 9:45,5.414
2014-02-23 9:50,6.25
2014-02-23 9:55,6.042
2014-02-23 10:00,6.044
2014-02-23 10:05,5.626
2014-02-23 10:10,6.256
2014-02-23 10:15,6.034
2014-02-23 10:20,6.044
2014-02-23 10:25,6.44
2014-02-23 10:30,6.062
2014-02-23 10:35,6.074
2014-02-23 10:40,6.062
2014-02-23 10:45,5.62
2014-02-23 10:50,6.044
2014-02-23 10:55,6.032
2014-02-23 11:00,5.834
2014-02-23 11:05,6.042
2014-02-23 11:10,6.668
2014-02-23 11:15,5.83
2014-02-23 11:20,5.846
2014-02-23 11:25,6.022
2014-02-23 11:30,5.868
2014-02-23 11:35,5.82
2014-02-23 11:40,5.868
2014-02-23 11:45,5.826
2014-02-23 11:50,6.044
2014-02-23 11:55,5.834
2014-02-23 12:00,6.044
2014-02-23 12:05,5.834
2014-02-23 12:10,6.026
2014-02-23 12:15,6.25
2014-02-23 12:20,5.844
2014-02-23 12:25,5.82
2014-02-23 12:30,6.052
2014-02-23 12:35,5.632
2014-02-23 12:40,6.076
2014-02-23 12:45,5.83
2014-02-23 12:50,6.05
2014-02-23 12:55,6.042
2014-02-23 13:00,5.816
2014-02-23 13:05,6.038
2014-02-23 13:10,6.87
2014-02-23 13:15,5.212
2014-02-23 13:20,6.05
2014-02-23 13:25,5.83
2014-02-23 13:30,6.036
2014-02-23 13:35,5.834
2014-02-23 13:40,6.25
2014-02-23 13:45,5.838
2014-02-23 13:50,6.252
2014-02-23 13:55,6.016
2014-02-23 14:00,6.082
2014-02-23 14:05,5.834
2014-02-23 14:10,6.044
2014-02-23 14:15,6.252
2014-02-23 14:20,6.052
2014-02-23 14:25,6.662
2014-02-23 14:30,6.248
2014-02-23 14:35,6.036
2014-02-23 14:40,6.658
2014-02-23 14:45,5.228
2014-02-23 14:50,5.796
2014-02-23 14:55,6.05
2014-02-23 15:00,6.266
2014-02-23 15:05,6.274
2014-02-23 15:10,6.256
2014-02-23 15:15,5.816
2014-02-23 15:20,6.058
2014-02-23 15:25,5.654
2014-02-23 15:30,6.226
2014-02-23 15:35,5.624
2014-02-23 15:40,6.022
2014-02-23 15:45,5.866
2014-02-23 15:50,5.814
2014-02-23 15:55,5.62
2014-02-23 16:00,6.248
2014-02-23 16:05,5.816
2014-02-23 16:10,6.302
2014-02-23 16:15,5.834
2014-02-23 16:20,6.042
2014-02-23 16:25,6.664
2014-02-23 16:30,6.056
2014-02-23 16:35,5.626
2014-02-23 16:40,5.824
2014-02-23 16:45,6.024
2014-02-23 16:50,6.062
2014-02-23 16:55,6.07
2014-02-23 17:00,6.252
2014-02-23 17:05,6.44
2014-02-23 17:10,5.616
2014-02-23 17:15,6.054
2014-02-23 17:20,7.102
2014-02-23 17:25,6.046
2014-02-23 17:30,6.044
2014-02-23 17:35,5.834
2014-02-23 17:40,6.23
2014-02-23 17:45,5.828
2014-02-23 17:50,6.252
2014-02-23 17:55,6.042
2014-02-23 18:00,6.236
2014-02-23 18:05,6.912
2014-02-23 18:10,6.46
2014-02-23 18:15,5.834
2014-02-23 18:20,6.23
2014-02-23 18:25,6.042
2014-02-23 18:30,6.042
2014-02-23 18:35,5.826
2014-02-23 18:40,6.644
2014-02-23 18:45,5.862
2014-02-23 18:50,6.842
2014-02-23 18:55,5.834
2014-02-23 19:00,6.46
2014-02-23 19:05,5.826
2014-02-23 19:10,6.23
2014-02-23 19:15,6.05
2014-02-23 19:20,7.342
2014-02-23 19:25,5.626
2014-02-23 19:30,6.024
2014-02-23 19:35,5.822
2014-02-23 19:40,6.03
2014-02-23 19:45,5.83
2014-02-23 19:50,6.242
2014-02-23 19:55,6.064
2014-02-23 20:00,6.054
2014-02-23 20:05,5.834
2014-02-23 20:10,6.232
2014-02-23 20:15,5.616
2014-02-23 20:20,5.836
2014-02-23 20:25,7.088
2014-02-23 20:30,5.836
2014-02-23 20:35,5.804
2014-02-23 20:40,6.078
2014-02-23 20:45,5.606
2014-02-23 20:50,6.074
2014-02-23 20:55,5.624
2014-02-23 21:00,6.25
2014-02-23 21:05,5.816
2014-02-23 21:10,5.864
2014-02-23 21:15,5.82
2014-02-23 21:20,5.656
2014-02-23 21:25,5.828
2014-02-23 21:30,6.002
2014-02-23 21:35,6.282
2014-02-23 21:40,7.07
2014-02-23 21:45,6.074
2014-02-23 21:50,6.024
2014-02-23 21:55,6.07
2014-02-23 22:00,6.252
2014-02-23 22:05,6.454
2014-02-23 22:10,5.626
2014-02-23 22:15,5.834
2014-02-23 22:20,6.676
2014-02-23 22:25,6.46
2014-02-23 22:30,6.044
2014-02-23 22:35,5.834
2014-02-23 22:40,6.258
2014-02-23 22:45,5.834
2014-02-23 22:50,5.836
2014-02-23 22:55,6.012
2014-02-23 23:00,6.468
2014-02-23 23:05,6.902
2014-02-23 23:10,6.042
2014-02-23 23:15,5.822
2014-02-23 23:20,5.824
2014-02-23 23:25,5.866
2014-02-23 23:30,6.024
2014-02-23 23:35,6.25
2014-02-23 23:40,5.618
2014-02-23 23:45,5.626
2014-02-23 23:50,6.256
2014-02-23 23:55,5.774
2014-02-24 0:00,6.156
2014-02-24 0:05,6.038
2014-02-24 0:10,6.048
2014-02-24 0:15,5.834
2014-02-24 0:20,6.886
2014-02-24 0:25,6.65
2014-02-24 0:30,6.252
2014-02-24 0:35,5.804
2014-02-24 0:40,6.264
2014-02-24 0:45,5.828
2014-02-24 0:50,6.252
2014-02-24 0:55,6.25
2014-02-24 1:00,6.02
2014-02-24 1:05,5.828
2014-02-24 1:10,6.668
2014-02-24 1:15,5.834
2014-02-24 1:20,6.252
2014-02-24 1:25,6.87
2014-02-24 1:30,6.464
2014-02-24 1:35,5.622
2014-02-24 1:40,6.252
2014-02-24 1:45,5.818
2014-02-24 1:50,6.058
2014-02-24 1:55,6.042
2014-02-24 2:00,6.044
2014-02-24 2:05,5.828
2014-02-24 2:10,6.02
2014-02-24 2:15,6.466
2014-02-24 2:20,6.706
2014-02-24 2:25,6.042
2014-02-24 2:30,5.836
2014-02-24 2:35,5.814
2014-02-24 2:40,5.87
2014-02-24 2:45,5.828
2014-02-24 2:50,5.836
2014-02-24 2:55,5.838
2014-02-24 3:00,6.89
2014-02-24 3:05,6.878
2014-02-24 3:10,6.25
2014-02-24 3:15,6.042
2014-02-24 3:20,5.836
2014-02-24 3:25,5.828
2014-02-24 3:30,5.836
2014-02-24 3:35,5.834
2014-02-24 3:40,5.788
2014-02-24 3:45,5.654
2014-02-24 3:50,6.01
2014-02-24 3:55,5.862
2014-02-24 4:00,5.834
2014-02-24 4:05,5.806
2014-02-24 4:10,5.87
2014-02-24 4:15,5.614
2014-02-24 4:20,6.044
2014-02-24 4:25,5.626
2014-02-24 4:30,5.84
2014-02-24 4:35,5.838
2014-02-24 4:40,6.044
2014-02-24 4:45,5.596
2014-02-24 4:50,5.868
2014-02-24 4:55,6.042
2014-02-24 5:00,5.808
2014-02-24 5:05,5.618
2014-02-24 5:10,5.844
2014-02-24 5:15,5.606
2014-02-24 5:20,6.694
2014-02-24 5:25,5.844
2014-02-24 5:30,6.082
2014-02-24 5:35,5.834
2014-02-24 5:40,6.03
2014-02-24 5:45,5.834
2014-02-24 5:50,5.832
2014-02-24 5:55,5.816
2014-02-24 6:00,5.862
2014-02-24 6:05,5.834
2014-02-24 6:10,6.048
2014-02-24 6:15,5.816
2014-02-24 6:20,5.87
2014-02-24 6:25,5.834
2014-02-24 6:30,6.052
2014-02-24 6:35,5.622
2014-02-24 6:40,6.256
2014-02-24 6:45,5.626
2014-02-24 6:50,6.252
2014-02-24 6:55,6.034
2014-02-24 7:00,6.024
2014-02-24 7:05,5.862
2014-02-24 7:10,6.458
2014-02-24 7:15,5.828
2014-02-24 7:20,6.042
2014-02-24 7:25,5.834
2014-02-24 7:30,6.438
2014-02-24 7:35,6.042
2014-02-24 7:40,6.048
2014-02-24 7:45,6.034
2014-02-24 7:50,6.252
2014-02-24 7:55,7.29
2014-02-24 8:00,6.226
2014-02-24 8:05,5.862
2014-02-24 8:10,6.448
2014-02-24 8:15,6.074
2014-02-24 8:20,6.028
2014-02-24 8:25,6.01
2014-02-24 8:30,5.864
2014-02-24 8:35,5.838
2014-02-24 8:40,6.048
2014-02-24 8:45,5.816
2014-02-24 8:50,5.874
2014-02-24 8:55,6.042
2014-02-24 9:00,6.02
2014-02-24 9:05,5.816
2014-02-24 9:10,6.078
2014-02-24 9:15,6.042
2014-02-24 9:20,6.028
2014-02-24 9:25,5.626
2014-02-24 9:30,6.244
2014-02-24 9:35,5.62
2014-02-24 9:40,6.044
2014-02-24 9:45,5.834
2014-02-24 9:50,5.808
2014-02-24 9:55,6.07
2014-02-24 10:00,5.836
2014-02-24 10:05,5.834
2014-02-24 10:10,6.024
2014-02-24 10:15,6.226
2014-02-24 10:20,5.85
2014-02-24 10:25,5.844
2014-02-24 10:30,6.288
2014-02-24 10:35,5.838
2014-02-24 10:40,6.056
2014-02-24 10:45,5.624
2014-02-24 10:50,6.024
2014-02-24 10:55,5.86
2014-02-24 11:00,6.044
2014-02-24 11:05,5.624
2014-02-24 11:10,6.02
2014-02-24 11:15,6.056
2014-02-24 11:20,6.286
2014-02-24 11:25,6.042
2014-02-24 11:30,6.634
2014-02-24 11:35,6.074
2014-02-24 11:40,6.024
2014-02-24 11:45,5.65
2014-02-24 11:50,6.226
2014-02-24 11:55,6.042
2014-02-24 12:00,6.042
2014-02-24 12:05,6.874
2014-02-24 12:10,5.602
2014-02-24 12:15,5.862
2014-02-24 12:20,6.044
2014-02-24 12:25,5.83
2014-02-24 12:30,6.036
2014-02-24 12:35,5.834
2014-02-24 12:40,6.226
2014-02-24 12:45,6.474
2014-02-24 12:50,6.018
2014-02-24 12:55,5.862
2014-02-24 13:00,6.04
2014-02-24 13:05,6.454
2014-02-24 13:10,5.394
2014-02-24 13:15,5.862
2014-02-24 13:20,5.836
2014-02-24 13:25,6.668
2014-02-24 13:30,6.042
2014-02-24 13:35,5.622
2014-02-24 13:40,6.252
2014-02-24 13:45,5.614
2014-02-24 13:50,6.212
2014-02-24 13:55,6.06
2014-02-24 14:00,6.252
2014-02-24 14:05,5.816
2014-02-24 14:10,6.702
2014-02-24 14:15,6.47
2014-02-24 14:20,5.838
2014-02-24 14:25,6.042
2014-02-24 14:30,6.23
2014-02-24 14:35,5.83
2014-02-24 14:40,6.252
2014-02-24 14:45,5.834
2014-02-24 14:50,6.224
2014-02-24 14:55,5.816
2014-02-24 15:00,6.238
2014-02-24 15:05,5.648
2014-02-24 15:10,6.234
2014-02-24 15:15,5.856
2014-02-24 15:20,5.836
2014-02-24 15:25,5.61
2014-02-24 15:30,6.232
2014-02-24 15:35,5.848
2014-02-24 15:40,6.92
2014-02-24 15:45,5.6
2014-02-24 15:50,5.87
2014-02-24 15:55,5.626
2014-02-24 16:00,6.044
2014-02-24 16:05,5.834
2014-02-24 16:10,6.88
2014-02-24 16:15,5.81
2014-02-24 16:20,5.872
2014-02-24 16:25,5.838
2014-02-24 16:30,6.016
2014-02-24 16:35,5.814
2014-02-24 16:40,6.074
2014-02-24 16:45,5.414
2014-02-24 16:50,6.232
2014-02-24 16:55,6.074
2014-02-24 17:00,6.042
2014-02-24 17:05,6.876
2014-02-24 17:10,6.436
2014-02-24 17:15,5.804
2014-02-24 17:20,6.038
2014-02-24 17:25,5.658
2014-02-24 17:30,6.252
2014-02-24 17:35,5.418
2014-02-24 17:40,6.248
2014-02-24 17:45,5.834
2014-02-24 17:50,6.026
2014-02-24 17:55,6.042
2014-02-24 18:00,6.044
2014-02-24 18:05,6.032
2014-02-24 18:10,7.044
2014-02-24 18:15,5.866
2014-02-24 18:20,6.864
2014-02-24 18:25,5.218
2014-02-24 18:30,5.796
2014-02-24 18:35,5.844
2014-02-24 18:40,6.29
2014-02-24 18:45,5.834
2014-02-24 18:50,5.842
2014-02-24 18:55,6.042
2014-02-24 19:00,5.836
2014-02-24 19:05,5.816
2014-02-24 19:10,6.07
2014-02-24 19:15,5.626
2014-02-24 19:20,6.054
2014-02-24 19:25,5.808
2014-02-24 19:30,6.91
2014-02-24 19:35,6.042
2014-02-24 19:40,6.048
2014-02-24 19:45,5.822
2014-02-24 19:50,5.816
2014-02-24 19:55,5.418
2014-02-24 20:00,6.666
2014-02-24 20:05,6.872
2014-02-24 20:10,6.048
2014-02-24 20:15,5.818
2014-02-24 20:20,6.286
2014-02-24 20:25,6.022
2014-02-24 20:30,6.08
2014-02-24 20:35,5.816
2014-02-24 20:40,6.294
2014-02-24 20:45,5.822
2014-02-24 20:50,6.05
2014-02-24 20:55,6.036
2014-02-24 21:00,6.46
2014-02-24 21:05,6.454
2014-02-24 21:10,6.038
2014-02-24 21:15,5.816
2014-02-24 21:20,6.09
2014-02-24 21:25,6.042
2014-02-24 21:30,5.812
2014-02-24 21:35,6.044
2014-02-24 21:40,6.248
2014-02-24 21:45,6.016
2014-02-24 21:50,6.258
2014-02-24 21:55,6.068
2014-02-24 22:00,5.836
2014-02-24 22:05,7.3
2014-02-24 22:10,6.228
2014-02-24 22:15,5.836
2014-02-24 22:20,6.024
2014-02-24 22:25,5.866
2014-02-24 22:30,6.228
2014-02-24 22:35,5.66
2014-02-24 22:40,5.996
2014-02-24 22:45,5.862
2014-02-24 22:50,6.024
2014-02-24 22:55,5.848
2014-02-24 23:00,6.292
2014-02-24 23:05,6.88
2014-02-24 23:10,6.046
2014-02-24 23:15,5.626
2014-02-24 23:20,5.842
2014-02-24 23:25,6.036
2014-02-24 23:30,5.836
2014-02-24 23:35,5.614
2014-02-24 23:40,6.876
2014-02-24 23:45,6.46
2014-02-24 23:50,5.836
2014-02-24 23:55,5.756
2014-02-25 0:00,6.192
2014-02-25 0:05,6.042
2014-02-25 0:10,7.474
2014-02-25 0:15,5.834
2014-02-25 0:20,6.006
2014-02-25 0:25,6.052
2014-02-25 0:30,6.078
2014-02-25 0:35,5.834
2014-02-25 0:40,5.818
2014-02-25 0:45,6.022
2014-02-25 0:50,6.054
2014-02-25 0:55,5.444
2014-02-25 1:00,6.252
2014-02-25 1:05,5.604
2014-02-25 1:10,6.914
2014-02-25 1:15,6.868
2014-02-25 1:20,5.812
2014-02-25 1:25,5.824
2014-02-25 1:30,6.224
2014-02-25 1:35,5.83
2014-02-25 1:40,6.252
2014-02-25 1:45,6.022
2014-02-25 1:50,6.078
2014-02-25 1:55,5.838
2014-02-25 2:00,6.226
2014-02-25 2:05,5.832
2014-02-25 2:10,6.612
2014-02-25 2:15,7.108
2014-02-25 2:20,6.018
2014-02-25 2:25,6.036
2014-02-25 2:30,6.024
2014-02-25 2:35,5.608
2014-02-25 2:40,6.062
2014-02-25 2:45,5.834
2014-02-25 2:50,5.832
2014-02-25 2:55,6.036
2014-02-25 3:00,6.028
2014-02-25 3:05,5.842
2014-02-25 3:10,7.286
2014-02-25 3:15,5.834
2014-02-25 3:20,6.016
2014-02-25 3:25,5.418
2014-02-25 3:30,6.256
2014-02-25 3:35,5.828
2014-02-25 3:40,5.834
2014-02-25 3:45,5.828
2014-02-25 3:50,5.822
2014-02-25 3:55,6.034
2014-02-25 4:00,6.26
2014-02-25 4:05,5.834
2014-02-25 4:10,6.044
2014-02-25 4:15,6.036
2014-02-25 4:20,6.022
2014-02-25 4:25,6.078
2014-02-25 4:30,5.836
2014-02-25 4:35,6.042
2014-02-25 4:40,6.024
2014-02-25 4:45,5.816
2014-02-25 4:50,6.088
2014-02-25 4:55,5.63
2014-02-25 5:00,6.018
2014-02-25 5:05,5.826
2014-02-25 5:10,5.814
2014-02-25 5:15,6.238
2014-02-25 5:20,5.628
2014-02-25 5:25,6.026
2014-02-25 5:30,6.044
2014-02-25 5:35,5.626
2014-02-25 5:40,6.046
2014-02-25 5:45,5.828
2014-02-25 5:50,5.816
2014-02-25 5:55,6.07
2014-02-25 6:00,5.836
2014-02-25 6:05,5.834
2014-02-25 6:10,6.042
2014-02-25 6:15,5.626
2014-02-25 6:20,6.044
2014-02-25 6:25,6.042
2014-02-25 6:30,6.044
2014-02-25 6:35,5.626
2014-02-25 6:40,6.016
2014-02-25 6:45,5.626
2014-02-25 6:50,5.87
2014-02-25 6:55,6.042
2014-02-25 7:00,6.464
2014-02-25 7:05,6.036
2014-02-25 7:15,25.1033
2014-02-25 7:20,17.186
2014-02-25 7:25,14.452
2014-02-25 7:30,13.968
2014-02-25 7:35,13.352
2014-02-25 7:40,15.6433
2014-02-25 7:45,14.4533
2014-02-25 7:50,15.42
2014-02-25 7:55,18.3333
2014-02-25 8:00,16.19
2014-02-25 8:05,15
2014-02-25 8:10,15.07
2014-02-25 8:15,15
2014-02-25 8:20,15.0867
2014-02-25 8:25,13.9333
2014-02-25 8:30,15.0033
2014-02-25 8:35,14.4533
2014-02-25 8:40,15
2014-02-25 8:45,13.9067
2014-02-25 8:50,15.1433
2014-02-25 8:55,14.4433
2014-02-25 9:00,15.5567
2014-02-25 9:05,14.4433
2014-02-25 9:10,15.55
2014-02-25 9:15,14.4733
2014-02-25 9:20,14.8833
2014-02-25 9:25,13.9333
2014-02-25 9:30,16.1133
2014-02-25 9:35,13.8867
2014-02-25 9:40,15
2014-02-25 9:45,13.27
2014-02-25 9:50,15.5567
2014-02-25 9:55,14.4433
2014-02-25 10:00,15
2014-02-25 10:05,13.8867
2014-02-25 10:10,15
2014-02-25 10:15,14.4733
2014-02-25 10:20,15.5567
2014-02-25 10:25,14.4433
2014-02-25 10:30,15
2014-02-25 10:35,14.3567
2014-02-25 10:40,15.5567
2014-02-25 10:45,14.4433
2014-02-25 10:50,15.5567
2014-02-25 10:55,14.5
2014-02-25 11:00,15
2014-02-25 11:05,14.4733
2014-02-25 11:10,16.11
2014-02-25 11:15,14.4833
2014-02-25 11:20,12.925
2014-02-25 11:25,13.9267
2014-02-25 11:30,15.5567
2014-02-25 11:35,14.4433
2014-02-25 11:40,15.0867
2014-02-25 11:45,13.8867
2014-02-25 11:50,14.4433
2014-02-25 11:55,14.3333
2014-02-25 12:00,15
2014-02-25 12:05,14.4567
2014-02-25 12:10,15.5567
2014-02-25 12:15,13.9533
2014-02-25 12:20,15
2014-02-25 12:25,13.8867
2014-02-25 12:30,15
2014-02-25 12:35,13.89
2014-02-25 12:40,14.8733
2014-02-25 12:45,14.4433
2014-02-25 12:50,15.6433
2014-02-25 12:55,13.97
2014-02-25 13:00,15.0567
2014-02-25 13:05,13.8867
2014-02-25 13:10,15
2014-02-25 13:15,13.9333
2014-02-25 13:20,15.5567
2014-02-25 13:25,13.9333
2014-02-25 13:30,15
2014-02-25 13:35,13.9333
2014-02-25 13:40,15.6133
2014-02-25 13:45,11.6467
2014-02-25 13:50,15.0867
2014-02-25 13:55,13.8867
2014-02-25 14:00,15
2014-02-25 14:05,14.4433
2014-02-25 14:10,15
2014-02-25 14:15,13.8867
2014-02-25 14:20,14.9933
2014-02-25 14:25,13.8867
2014-02-25 14:30,15.5567
2014-02-25 14:35,14.4433
2014-02-25 14:40,15
2014-02-25 14:45,13.8867
2014-02-25 14:50,15.0567
2014-02-25 14:55,13.8267
2014-02-25 15:00,15.1267
2014-02-25 15:05,13.9067
2014-02-25 15:10,14.8733
2014-02-25 15:15,12.22
2014-02-25 15:20,13.2333
2014-02-25 15:25,14.4733
2014-02-25 15:30,15
2014-02-25 15:35,13.9333
2014-02-25 15:40,14.4433
2014-02-25 15:45,14.3733
2014-02-25 15:50,15
2014-02-25 15:55,14.4433
2014-02-25 16:00,15.0033
2014-02-25 16:05,13.8267
2014-02-25 16:10,13.3367
2014-02-25 16:15,13.9267
2014-02-25 16:20,15.6333
2014-02-25 16:25,14.4833
2014-02-25 16:30,14.93
2014-02-25 16:35,14.4833
2014-02-25 16:40,15
2014-02-25 16:45,13.9067
2014-02-25 16:50,15.5567
2014-02-25 16:55,14.4433
2014-02-25 17:00,15.0567
2014-02-25 17:05,14.4433
2014-02-25 17:10,15.5567
2014-02-25 17:15,12.22
2014-02-25 17:20,15.1433
2014-02-25 17:25,14.5133
2014-02-25 17:30,15.5567
2014-02-25 17:35,14.4
2014-02-25 17:40,15
2014-02-25 17:45,14.5
2014-02-25 17:50,15
2014-02-25 17:55,14.4433
2014-02-25 18:00,15.5567
2014-02-25 18:05,14.4433
2014-02-25 18:10,13.89
2014-02-25 18:15,13.8867
2014-02-25 18:20,15.1967
2014-02-25 18:25,13.8867
2014-02-25 18:30,15
2014-02-25 18:35,14.4433
2014-02-25 18:40,15.0567
2014-02-25 18:45,14.3967
2014-02-25 18:50,15.5567
2014-02-25 18:55,14.4433
2014-02-25 19:00,15
2014-02-25 19:05,13.9067
2014-02-25 19:10,15.5567
2014-02-25 19:15,13.7767
2014-02-25 19:20,15.07
2014-02-25 19:25,14.3333
2014-02-25 19:30,14.4433
2014-02-25 19:35,13.8867
2014-02-25 19:40,13.3333
2014-02-25 19:45,14.4433
2014-02-25 19:50,15.42
2014-02-25 19:55,13.9067
2014-02-25 20:00,15.55
2014-02-25 20:05,14.4433
2014-02-25 20:10,16.1067
2014-02-25 20:15,14.4433
2014-02-25 20:20,13.75
2014-02-25 20:25,14.4433
2014-02-25 20:30,15
2014-02-25 20:35,14.4433
2014-02-25 20:40,15.6433
2014-02-25 20:45,13.8867
2014-02-25 20:50,14.9367
2014-02-25 20:55,13.8867
2014-02-25 21:00,15.0567
2014-02-25 21:05,13.9333
2014-02-25 21:10,15.55
2014-02-25 21:15,13.8867
2014-02-25 21:20,15.1433
2014-02-25 21:25,14.4433
2014-02-25 21:30,15.42
2014-02-25 21:35,15
2014-02-25 21:40,14.4433
2014-02-25 21:45,13.9267
2014-02-25 21:50,15.0867
2014-02-25 21:55,14.4433
2014-02-25 22:00,15.5567
2014-02-25 22:05,15
2014-02-25 22:10,15
2014-02-25 22:15,13.9333
2014-02-25 22:20,15
2014-02-25 22:25,14.3433
2014-02-25 22:30,15
2014-02-25 22:35,13.8867
2014-02-25 22:40,15.08
2014-02-25 22:45,14.4733
2014-02-25 22:50,13.94
2014-02-25 22:55,13.8867
2014-02-25 23:00,14.9467
2014-02-25 23:05,13.92
2014-02-25 23:10,15
2014-02-25 23:15,14.4433
2014-02-25 23:20,15.5567
2014-02-25 23:25,13.9167
2014-02-25 23:30,14.3267
2014-02-25 23:35,13.8867
2014-02-25 23:40,15.0867
2014-02-25 23:45,13.8867
2014-02-25 23:50,15
2014-02-25 23:55,13.39
2014-02-26 0:00,15.15
2014-02-26 0:05,14.4433
2014-02-26 0:10,15.5567
2014-02-26 0:15,14.4433
2014-02-26 0:20,14.9933
2014-02-26 0:25,13.9333
2014-02-26 0:30,14.4433
2014-02-26 0:35,13.9067
2014-02-26 0:40,15.0633
2014-02-26 0:45,14.3333
2014-02-26 0:50,15
2014-02-26 0:55,13.8867
2014-02-26 1:00,15.5567
2014-02-26 1:05,12.2233
2014-02-26 1:10,15
2014-02-26 1:15,16.15
2014-02-26 1:20,15
2014-02-26 1:25,13.9333
2014-02-26 1:30,15.0567
2014-02-26 1:35,13.9067
2014-02-26 1:40,15.08
2014-02-26 1:45,13.9067
2014-02-26 1:50,14.8633
2014-02-26 1:55,14.4433
2014-02-26 2:00,12.105
2014-02-26 2:05,13.8867
2014-02-26 2:10,15.1433
2014-02-26 2:15,14.4433
2014-02-26 2:20,15.9767
2014-02-26 2:25,14.4433
2014-02-26 2:30,14.9367
2014-02-26 2:35,14.5267
2014-02-26 2:40,15.07
2014-02-26 2:45,13.9067
2014-02-26 2:50,15
2014-02-26 2:55,13.94
2014-02-26 3:00,15
2014-02-26 3:05,13.3333
2014-02-26 3:10,15
2014-02-26 3:15,11.7067
2014-02-26 3:20,15
2014-02-26 3:25,14.3433
2014-02-26 3:30,15.42
2014-02-26 3:35,13.8867
2014-02-26 3:40,14.5
2014-02-26 3:45,14.4433
2014-02-26 3:50,15
2014-02-26 3:55,13.8867
2014-02-26 4:00,15
2014-02-26 4:05,13.8867
2014-02-26 4:10,15.01
2014-02-26 4:15,14.4433
2014-02-26 4:20,16.1133
2014-02-26 4:25,14.4433
2014-02-26 4:30,15.0867
2014-02-26 4:35,14.49
2014-02-26 4:40,15
2014-02-26 4:45,14.4433
2014-02-26 4:50,15
2014-02-26 4:55,13.33
2014-02-26 5:00,15
2014-02-26 5:05,14.3433
2014-02-26 5:10,15
2014-02-26 5:15,14.4533
2014-02-26 5:20,15.0033
2014-02-26 5:25,14.4433
2014-02-26 5:30,15
2014-02-26 5:35,13.89
2014-02-26 5:40,14.39
2014-02-26 5:45,13.3333
2014-02-26 5:50,15.42
2014-02-26 5:55,14.4933
2014-02-26 6:00,15.08
2014-02-26 6:05,14.3433
2014-02-26 6:10,14.9467
2014-02-26 6:15,13.9567
2014-02-26 6:20,14.8667
2014-02-26 6:25,15
2014-02-26 6:30,14.4433
2014-02-26 6:35,13.8867
2014-02-26 6:40,15
2014-02-26 6:45,13.3333
2014-02-26 6:50,15
2014-02-26 6:55,14.4433
2014-02-26 7:00,15
2014-02-26 7:05,13.36
2014-02-26 7:10,13.3675
2014-02-26 7:15,13.85
2014-02-26 7:20,15
2014-02-26 7:25,15
2014-02-26 7:30,15.62
2014-02-26 7:35,14.49
2014-02-26 7:40,15
2014-02-26 7:45,13.8867
2014-02-26 7:50,15
2014-02-26 7:55,16.6667
2014-02-26 8:00,14.9467
2014-02-26 8:05,13.8867
2014-02-26 8:10,14.4433
2014-02-26 8:15,14.4433
2014-02-26 8:20,15.5567
2014-02-26 8:25,14.5
2014-02-26 8:30,15.5567
2014-02-26 8:35,13.8333
2014-02-26 8:40,13.3425
2014-02-26 8:45,13.8867
2014-02-26 8:50,14.8633
2014-02-26 8:55,13.9633
2014-02-26 9:00,14.4433
2014-02-26 9:05,13.7867
2014-02-26 9:10,15
2014-02-26 9:15,13.9367
2014-02-26 9:20,15.01
2014-02-26 9:25,14.37
2014-02-26 9:30,15.07
2014-02-26 9:35,14.49
2014-02-26 9:40,15
2014-02-26 9:45,13.8033
2014-02-26 9:50,13.2925
2014-02-26 9:55,13.8267
2014-02-26 10:00,15
2014-02-26 10:05,12.9025
2014-02-26 10:10,15
2014-02-26 10:15,14.5267
2014-02-26 10:20,14.5
2014-02-26 10:25,13.8867
2014-02-26 10:30,13.4275
2014-02-26 10:35,14.36
2014-02-26 10:40,15
2014-02-26 10:45,12.9525
2014-02-26 10:50,14.8733
2014-02-26 10:55,13.3633
2014-02-26 11:00,14.3167
2014-02-26 11:05,13.8867
2014-02-26 11:10,15.0033
2014-02-26 11:15,12.915
2014-02-26 11:20,15.62
2014-02-26 11:25,13.8867
2014-02-26 11:30,17.22
2014-02-26 11:35,13.8867
2014-02-26 11:40,15.4833
2014-02-26 11:45,13.9333
2014-02-26 11:50,14.9467
2014-02-26 11:55,13.8867
2014-02-26 12:00,15
2014-02-26 12:05,14.4433
2014-02-26 12:10,15.5567
2014-02-26 12:15,14.4433
2014-02-26 12:20,15.6433
2014-02-26 12:25,13.9267
2014-02-26 12:30,12.9175
2014-02-26 12:35,14.4433
2014-02-26 12:40,14.4433
2014-02-26 12:45,13.4167
2014-02-26 12:50,14.49
2014-02-26 12:55,13.8867
2014-02-26 13:00,15
2014-02-26 13:05,14.4433
2014-02-26 13:10,15
2014-02-26 13:15,13.8867
2014-02-26 13:20,12.975
2014-02-26 13:25,13.9267
2014-02-26 13:30,15
2014-02-26 13:35,13.9333
2014-02-26 13:40,15.42
2014-02-26 13:45,12.22
2014-02-26 13:50,15.5567
2014-02-26 13:55,15
2014-02-26 14:00,16.19
2014-02-26 14:05,14.4733
2014-02-26 14:10,15.5567
2014-02-26 14:15,13.8867
2014-02-26 14:20,15.6333
2014-02-26 14:25,14.3333
2014-02-26 14:30,15.08
2014-02-26 14:35,13.9267
2014-02-26 14:40,14.4433
2014-02-26 14:45,13.7767
2014-02-26 14:50,15.0567
2014-02-26 14:55,13.9067
2014-02-26 15:00,15
2014-02-26 15:05,11.6667
2014-02-26 15:10,15.08
2014-02-26 15:15,14.4433
2014-02-26 15:20,15.42
2014-02-26 15:25,15
2014-02-26 15:30,15.5567
2014-02-26 15:35,12.7767
2014-02-26 15:40,15.5567
2014-02-26 15:45,14.4433
2014-02-26 15:50,15.5567
2014-02-26 15:55,13.8867
2014-02-26 16:00,15
2014-02-26 16:05,13.9267
2014-02-26 16:10,15
2014-02-26 16:15,13.8867
2014-02-26 16:20,15.0633
2014-02-26 16:25,15
2014-02-26 16:30,15.0567
2014-02-26 16:35,14.4433
2014-02-26 16:40,15.5567
2014-02-26 16:45,14.4433
2014-02-26 16:50,14.4433
2014-02-26 16:55,13.8867
2014-02-26 17:00,14.5233
2014-02-26 17:05,14.3333
2014-02-26 17:10,15.5567
2014-02-26 17:15,14.4433
2014-02-26 17:20,15.5667
2014-02-26 17:25,14.4433
2014-02-26 17:30,15
2014-02-26 17:35,14.3333
2014-02-26 17:40,15.43
2014-02-26 17:45,13.4367
2014-02-26 17:50,14.8733
2014-02-26 17:55,13.25
2014-02-26 18:00,15.5667
2014-02-26 18:05,13.9333
2014-02-26 18:10,15.5567
2014-02-26 18:15,13.8867
2014-02-26 18:20,15
2014-02-26 18:25,15
2014-02-26 18:30,16.11
2014-02-26 18:35,13.8867
2014-02-26 18:40,14.4433
2014-02-26 18:45,13.3333
2014-02-26 18:50,15.0033
2014-02-26 18:55,13.8867
2014-02-26 19:00,15.08
2014-02-26 19:05,13.8867
2014-02-26 19:10,14.8733
2014-02-26 19:15,12.7033
2014-02-26 19:20,16.1133
2014-02-26 19:25,12.22
2014-02-26 19:30,15.5567
2014-02-26 19:35,14.4433
2014-02-26 19:40,15.42
2014-02-26 19:45,12.915
2014-02-26 19:50,15
2014-02-26 19:55,13.9267
2014-02-26 20:00,15
2014-02-26 20:05,12.22
2014-02-26 20:10,15.5567
2014-02-26 20:15,13.8867
2014-02-26 20:20,15.06
2014-02-26 20:25,14.4433
2014-02-26 20:30,16.1133
2014-02-26 20:35,14.4633
2014-02-26 20:40,15.5567
2014-02-26 20:45,14.4433
2014-02-26 20:50,15
2014-02-26 20:55,14.4433
2014-02-26 21:00,14.88
2014-02-26 21:05,13.8867
2014-02-26 21:10,15.5567
2014-02-26 21:15,14.5
2014-02-26 21:20,16.1767
2014-02-26 21:25,14.89
2014-02-26 21:30,16.1133
2014-02-26 21:35,14.4433
2014-02-26 21:40,15.6133
2014-02-26 21:45,13.89
2014-02-26 21:50,15
2014-02-26 21:55,14.4833
2014-02-26 22:00,15.08
2014-02-26 22:05,13.8867
2014-02-26 22:10,15.55
2014-02-26 22:15,15.0767
2014-02-26 22:20,16.1133
2014-02-26 22:25,14.4433
2014-02-26 22:30,15.01
2014-02-26 22:35,14.4833
2014-02-26 22:40,15.6533
2014-02-26 22:45,14.4433
2014-02-26 22:50,15.6433
2014-02-26 22:55,13.9467
2014-02-26 23:00,15
2014-02-26 23:05,13.9267
2014-02-26 23:10,15.43
2014-02-26 23:15,14.4433
2014-02-26 23:20,15.5567
2014-02-26 23:25,14.49
2014-02-26 23:30,15.6333
2014-02-26 23:35,13.75
2014-02-26 23:40,14.1675
2014-02-26 23:45,13.9267
2014-02-26 23:50,15
2014-02-26 23:55,14.4433
2014-02-27 0:00,16.1533
2014-02-27 0:05,15
2014-02-27 0:10,15.5567
2014-02-27 0:15,14.4433
2014-02-27 0:20,14.9933
2014-02-27 0:25,14.4433
2014-02-27 0:30,15.5567
2014-02-27 0:35,14.3433
2014-02-27 0:40,14.3733
2014-02-27 0:45,16.695
2014-02-27 0:50,19.165
2014-02-27 0:55,12.1367
2014-02-27 1:00,14.8733
2014-02-27 1:05,14.4433
2014-02-27 1:10,14.9367
2014-02-27 1:15,14.4433
2014-02-27 1:20,16.1067
2014-02-27 1:25,15.0567
2014-02-27 1:30,15.5567
2014-02-27 1:35,14.4467
2014-02-27 1:40,15.5567
2014-02-27 1:45,15
2014-02-27 1:50,15.0033
2014-02-27 1:55,13.8867
2014-02-27 2:00,15.01
2014-02-27 2:05,14.3433
2014-02-27 2:10,15.01
2014-02-27 2:15,14.4833
2014-02-27 2:20,15.5567
2014-02-27 2:25,15
2014-02-27 2:30,15.5567
2014-02-27 2:35,14.4433
2014-02-27 2:40,15
2014-02-27 2:45,14.4433
2014-02-27 2:50,13.76
2014-02-27 2:55,14.3433
2014-02-27 3:00,15.55
2014-02-27 3:05,14.4833
2014-02-27 3:10,15.62
2014-02-27 3:15,14.4433
2014-02-27 3:20,14.8733
2014-02-27 3:25,13.91
2014-02-27 3:30,13.75
2014-02-27 3:35,14.4433
2014-02-27 3:40,15.62
2014-02-27 3:45,15
2014-02-27 3:50,15.6333
2014-02-27 3:55,13.7867
2014-02-27 4:00,15.0567
2014-02-27 4:05,13.9267
2014-02-27 4:10,15.07
2014-02-27 4:15,14.49
2014-02-27 4:20,16.1133
2014-02-27 4:25,14.4433
2014-02-27 4:30,14.9467
2014-02-27 4:35,13.8867
2014-02-27 4:40,15.5567
2014-02-27 4:45,14.39
2014-02-27 4:50,15
2014-02-27 4:55,14.89
2014-02-27 5:00,15.01
2014-02-27 5:05,13.9333
2014-02-27 5:10,15
2014-02-27 5:15,14.49
2014-02-27 5:20,15
2014-02-27 5:25,13.24
2014-02-27 5:30,15
2014-02-27 5:35,14.3333
2014-02-27 5:40,14.9467
2014-02-27 5:45,13.9267
2014-02-27 5:50,15.0567
2014-02-27 5:55,13.8867
2014-02-27 6:00,15.0633
2014-02-27 6:05,14.49
2014-02-27 6:10,15.5667
2014-02-27 6:15,13.8867
2014-02-27 6:20,13.75
2014-02-27 6:25,13.37
2014-02-27 6:30,15
2014-02-27 6:35,13.8867
2014-02-27 6:40,15.0867
2014-02-27 6:45,13.2633
2014-02-27 6:50,14.4433
2014-02-27 6:55,13.4167
2014-02-27 7:00,15.0033
2014-02-27 7:05,13.8867
2014-02-27 7:10,15.55
2014-02-27 7:15,13.8867
2014-02-27 7:20,15
2014-02-27 7:25,13.9067
2014-02-27 7:30,15.0867
2014-02-27 7:35,13.9067
2014-02-27 7:40,14.8667
2014-02-27 7:45,12.9125
2014-02-27 7:50,14.9367
2014-02-27 7:55,16.64
2014-02-27 8:00,15.5533
2014-02-27 8:05,15.02
2014-02-27 8:10,15.0567
2014-02-27 8:15,11.1233
2014-02-27 8:20,14.5
2014-02-27 8:25,13.78
2014-02-27 8:30,14.4433
2014-02-27 8:35,11.6467
2014-02-27 8:40,12.78
2014-02-27 8:45,13.9
2014-02-27 8:50,14.9933
2014-02-27 8:55,14.4833
2014-02-27 9:00,14.88
2014-02-27 9:05,13.8867
2014-02-27 9:10,14.8633
2014-02-27 9:15,13.27
2014-02-27 9:20,12.2233
2014-02-27 9:25,13.89
2014-02-27 9:30,15.5567
2014-02-27 9:35,13.7867
2014-02-27 9:40,14.5
2014-02-27 9:45,12.22
2014-02-27 9:50,15
2014-02-27 9:55,14.4433
2014-02-27 10:00,15.0567
2014-02-27 10:05,13.8867
2014-02-27 10:10,14.9933
2014-02-27 10:15,13.3333
2014-02-27 10:20,15.0567
2014-02-27 10:25,14.4433
2014-02-27 10:30,15.0967
2014-02-27 10:35,14.5
2014-02-27 10:40,15
2014-02-27 10:45,13.8867
2014-02-27 10:50,14.8633
2014-02-27 10:55,14.4733
2014-02-27 11:00,14.4433
2014-02-27 11:05,13.8867
2014-02-27 11:10,15
2014-02-27 11:15,13.7867
2014-02-27 11:20,12.81
2014-02-27 11:25,14.4433
2014-02-27 11:30,15.0567
2014-02-27 11:35,13.38
2014-02-27 11:40,12.8333
2014-02-27 11:45,12.2967
2014-02-27 11:50,15.6267
2014-02-27 11:55,13.38
2014-02-27 12:00,15.07
2014-02-27 12:05,13.9467
2014-02-27 12:10,14.8733
2014-02-27 12:15,13.27
2014-02-27 12:20,14.4433
2014-02-27 12:25,14.3333
2014-02-27 12:30,12.28
2014-02-27 12:35,13.9267
2014-02-27 12:40,14.4433
2014-02-27 12:45,13.9333
2014-02-27 12:50,15.01
2014-02-27 12:55,13.9333
2014-02-27 13:00,14.3167
2014-02-27 13:05,13.9267
2014-02-27 13:10,15
2014-02-27 13:15,14.4433
2014-02-27 13:20,15.5567
2014-02-27 13:25,13.3333
2014-02-27 13:30,14.8633
2014-02-27 13:35,13.8867
2014-02-27 13:40,12.8267
2014-02-27 13:45,13.8267
2014-02-27 13:50,14.4467
2014-02-27 13:55,13.8867
2014-02-27 14:00,14.4433
2014-02-27 14:05,13.9533
2014-02-27 14:10,15.0567
2014-02-27 14:15,13.8867
2014-02-27 14:20,15.5567
2014-02-27 14:25,14.49
2014-02-27 14:30,13.385
2014-02-27 14:35,14.3733
2014-02-27 14:40,15.08
2014-02-27 14:45,14.3733
2014-02-27 14:50,15
2014-02-27 14:55,14.3733
2014-02-27 15:00,15.0567
2014-02-27 15:05,14.4733
2014-02-27 15:10,15
2014-02-27 15:15,13.8867
2014-02-27 15:20,14.4433
2014-02-27 15:25,13.9067
2014-02-27 15:30,15.42
2014-02-27 15:35,13.7967
2014-02-27 15:40,15.5567
2014-02-27 15:45,14.3333
2014-02-27 15:50,15.5567
2014-02-27 15:55,14.4433
2014-02-27 16:00,15.4133
2014-02-27 16:05,14.35
2014-02-27 16:10,12.78
2014-02-27 16:15,13.9333
2014-02-27 16:20,15
2014-02-27 16:25,14.4433
2014-02-27 16:30,15.5567
2014-02-27 16:35,15.03
2014-02-27 16:40,15.4133
2014-02-27 16:45,14.4533
2014-02-27 16:50,15.5567
2014-02-27 16:55,15
2014-02-27 17:00,14.88
2014-02-27 17:05,14.4433
2014-02-27 17:10,16.1233
2014-02-27 17:15,14.4433
2014-02-27 17:20,16.05
2014-02-27 17:25,16.1133
2014-02-27 17:30,16.6633
2014-02-27 17:35,14.4633
2014-02-27 17:40,15
2014-02-27 17:45,14.4433
2014-02-27 17:50,15.5567
2014-02-27 17:55,15
2014-02-27 18:00,16.1133
2014-02-27 18:05,14.49
2014-02-27 18:10,14.5767
2014-02-27 18:15,14.4833
2014-02-27 18:20,14.8733
2014-02-27 18:25,13.7867
2014-02-27 18:30,15
2014-02-27 18:35,13.8867
2014-02-27 18:40,14.92
2014-02-27 18:45,13.8333
2014-02-27 18:50,15.08
2014-02-27 18:55,13.97
2014-02-27 19:00,15
2014-02-27 19:05,13.8867
2014-02-27 19:10,16.1133
2014-02-27 19:15,14.3433
2014-02-27 19:20,15.6133
2014-02-27 19:25,14.4733
2014-02-27 19:30,15
2014-02-27 19:35,13.9333
2014-02-27 19:40,14.93
2014-02-27 19:45,14.4433
2014-02-27 19:50,15.6967
2014-02-27 19:55,13.85
2014-02-27 20:00,15.5567
2014-02-27 20:05,14.4433
2014-02-27 20:10,15.5567
2014-02-27 20:15,14.5
2014-02-27 20:20,15.42
2014-02-27 20:25,13.8333
2014-02-27 20:30,15.5567
2014-02-27 20:35,14.49
2014-02-27 20:40,15.5567
2014-02-27 20:45,15
2014-02-27 20:50,15
2014-02-27 20:55,13.9267
2014-02-27 21:00,15.5567
2014-02-27 21:05,14.4633
2014-02-27 21:10,15
2014-02-27 21:15,13.7867
2014-02-27 21:20,15
2014-02-27 21:25,15.5567
2014-02-27 21:30,16.1133
2014-02-27 21:35,14.4433
2014-02-27 21:40,15.1433
2014-02-27 21:45,13.9067
2014-02-27 21:50,15.56
2014-02-27 21:55,13.8867
2014-02-27 22:00,15
2014-02-27 22:05,13.9333
2014-02-27 22:10,15.5567
2014-02-27 22:15,14.89
2014-02-27 22:20,15.6333
2014-02-27 22:25,14.5267
2014-02-27 22:30,14.4433
2014-02-27 22:35,13.8867
2014-02-27 22:40,15
2014-02-27 22:45,13.9267
2014-02-27 22:50,12.9575
2014-02-27 22:55,13.8033
2014-02-27 23:00,15
2014-02-27 23:05,13.9333
2014-02-27 23:10,15
2014-02-27 23:15,14.4433
2014-02-27 23:20,16.11
2014-02-27 23:25,15.02
2014-02-27 23:30,15.5567
2014-02-27 23:35,14.4733
2014-02-27 23:40,15.6133
2014-02-27 23:45,14.49
2014-02-27 23:50,13.6475
2014-02-27 23:55,14.38
2014-02-28 0:00,16.1467
2014-02-28 0:05,14.4433
2014-02-28 0:10,16.1133
2014-02-28 0:15,14.94
2014-02-28 0:20,15.6433
2014-02-28 0:25,15.0667
2014-02-28 0:30,15.55
2014-02-28 0:35,14.4433
2014-02-28 0:40,15
2014-02-28 0:45,14.4433
2014-02-28 0:50,15.5567
2014-02-28 0:55,15
2014-02-28 1:00,15
2014-02-28 1:05,15
2014-02-28 1:10,15.5567
2014-02-28 1:15,15
2014-02-28 1:20,15.5567
2014-02-28 1:25,13.8867
2014-02-28 1:30,15.5667
2014-02-28 1:35,13.9333
2014-02-28 1:40,15.55
2014-02-28 1:45,13.8867
2014-02-28 1:50,15
2014-02-28 1:55,13.8867
2014-02-28 2:00,15.0633
2014-02-28 2:05,13.8333
2014-02-28 2:10,15.42
2014-02-28 2:15,14.4733
2014-02-28 2:20,15.5567
2014-02-28 2:25,13.9467
2014-02-28 2:30,14.8733
2014-02-28 2:35,12.1933
2014-02-28 2:40,14.3733
2014-02-28 2:45,13.8867
2014-02-28 2:50,15
2014-02-28 2:55,13.87
2014-02-28 3:00,12.7767
2014-02-28 3:05,13.9333
2014-02-28 3:10,15
2014-02-28 3:15,14.52
2014-02-28 3:20,14.4467
2014-02-28 3:25,14.4433
2014-02-28 3:30,15.5567
2014-02-28 3:35,12.26
2014-02-28 3:40,15.1333
2014-02-28 3:45,15
2014-02-28 3:50,15.5567
2014-02-28 3:55,13.36
2014-02-28 4:00,14.4433
2014-02-28 4:05,13.9333
2014-02-28 4:10,15
2014-02-28 4:15,13.4125
2014-02-28 4:20,14.8733
2014-02-28 4:25,13.3333
2014-02-28 4:30,14.32
2014-02-28 4:35,14.4733
2014-02-28 4:40,15.4133
2014-02-28 4:45,13.9067
2014-02-28 4:50,15.55
2014-02-28 4:55,13.9267
2014-02-28 5:00,15
2014-02-28 5:05,13.9267
2014-02-28 5:10,15
2014-02-28 5:15,13.3333
2014-02-28 5:20,15.0033
2014-02-28 5:25,13.8867
2014-02-28 5:30,15
2014-02-28 5:35,13.3333
2014-02-28 5:40,14.8733
2014-02-28 5:45,14.4433
2014-02-28 5:50,15.0567
2014-02-28 5:55,13.8867
2014-02-28 6:00,15.0467
2014-02-28 6:05,13.9067
2014-02-28 6:10,15.0567
2014-02-28 6:15,14.4433
2014-02-28 6:20,15
2014-02-28 6:25,13.9533
2014-02-28 6:30,13.785
2014-02-28 6:35,14.49
2014-02-28 6:40,15.4833
2014-02-28 6:45,12.1467
2014-02-28 6:50,15.1333
2014-02-28 6:55,14.4433
2014-02-28 7:00,15.5567
2014-02-28 7:05,14.3433
2014-02-28 7:10,15.5567
2014-02-28 7:15,13.9067
2014-02-28 7:20,15.0033
2014-02-28 7:25,13.9733
2014-02-28 7:30,14.8667
2014-02-28 7:35,13.8867
2014-02-28 7:40,15.07
2014-02-28 7:45,13.3333
2014-02-28 7:50,15.5567
2014-02-28 7:55,17.2667
2014-02-28 8:00,15.5567
2014-02-28 8:05,13.9267
2014-02-28 8:10,15.5567
2014-02-28 8:15,13.9333
2014-02-28 8:20,15.4833
2014-02-28 8:25,14.4433
2014-02-28 8:30,15.6433
2014-02-28 8:35,13.7867
2014-02-28 8:40,15.6967
2014-02-28 8:45,14.3933
2014-02-28 8:50,15.08
2014-02-28 8:55,13.8867
2014-02-28 9:00,15.62
2014-02-28 9:05,15
2014-02-28 9:10,15.5567
2014-02-28 9:15,15
2014-02-28 9:20,15
2014-02-28 9:25,14.3333
2014-02-28 9:30,12.78
2014-02-28 9:35,13.8867
2014-02-28 9:40,15.0567
2014-02-28 9:45,14.3433
2014-02-28 9:50,15
2014-02-28 9:55,14.4433
2014-02-28 10:00,15.42
2014-02-28 10:05,13.8867
2014-02-28 10:10,15.5567
2014-02-28 10:15,15.0467
2014-02-28 10:20,15.42
2014-02-28 10:25,13.9333
2014-02-28 10:30,14.5
2014-02-28 10:35,14.3333
2014-02-28 10:40,16.1133
2014-02-28 10:45,14.4633
2014-02-28 10:50,14.92
2014-02-28 10:55,13.97
2014-02-28 11:00,15.5567
2014-02-28 11:05,15
2014-02-28 11:10,14.9933
2014-02-28 11:15,14.3333
2014-02-28 11:20,12.78
2014-02-28 11:25,13.9333
2014-02-28 11:30,15.6433
2014-02-28 11:35,14.4433
2014-02-28 11:40,14.8733
2014-02-28 11:45,13.8867
2014-02-28 11:50,15.4667
2014-02-28 11:55,13.8867
2014-02-28 12:00,15.5567
2014-02-28 12:05,13.9333
2014-02-28 12:10,15.1033
2014-02-28 12:15,14.4433
2014-02-28 12:20,16.11
2014-02-28 12:25,14.3333
2014-02-28 12:30,15.0567
2014-02-28 12:35,13.8867
2014-02-28 12:40,15.6533
2014-02-28 12:45,14.9667
2014-02-28 12:50,15.5567
2014-02-28 12:55,13.9733
2014-02-28 13:00,15.07
2014-02-28 13:05,15.02
2014-02-28 13:10,16.17
2014-02-28 13:15,14.5267
2014-02-28 13:20,15.0867
2014-02-28 13:25,14.4433
2014-02-28 13:30,15.4133
2014-02-28 13:35,14.4433
2014-02-28 13:40,15.5667
2014-02-28 13:45,12.2133
2014-02-28 13:50,12.0825
2014-02-28 13:55,14.3333
2014-02-28 14:00,15
2014-02-28 14:05,14.4633
2014-02-28 14:10,15.5567
2014-02-28 14:15,14.4833
2014-02-28 14:20,15.4767
2014-02-28 14:25,13.9433
2014-02-28 14:30,15.5567
